{"mesh_size": [3, 3], "domain_size": [12.0, 12.0], "u_values": [3.379229627611385e-33, 5.0343045405582477e-17, 5.0343045405582477e-17, 0.6853891945200941, 5.034304540558248e-17, 0.6853891945200943, 5.034304540558248e-17, 0.6853891945200942, -7.119011653221928e-33, 1.0605752387249068e-16, 0.6853891945200943, -7.119011653221928e-33, 1.0605752387249068e-16, 1.0605752387249069e-16, 1.0605752387249069e-16, 1.4997597826618576e-32], "f_values": [0.0, 0.0, 0.0, 0.10280837917801412, 0.0, 0.10280837917801414, 0.0, 0.10280837917801414, 0.0, 1.4538136171952408e-17, 0.10280837917801415, 0.0, 1.4538136171952408e-17, 1.4538136171952414e-17, 1.4538136171952414e-17, 2.055838298824484e-33]}