{"mesh_size": [8, 8], "domain_size": [12.0, 12.0], "u_values": [4.752041663828511e-34, 8.342184302850085e-18, 8.342184302850085e-18, 0.14457921771612522, 1.541434666768026e-17, 0.2671475601488426, 1.541434666768026e-17, 0.2671475601488426, 2.0139814483756616e-17, 0.3490451082475621, 0.4936243259636871, 2.0139814483756616e-17, 0.349045108247562, 2.179917811255395e-17, 0.3778037027173756, 0.6449512628662182, 0.6449512628662181, 2.179917811255395e-17, 0.3778037027173755, 2.0139814483756616e-17, 0.3490451082475621, 0.6980902164951241, 0.8426694342112496, 0.698090216495124, 2.0139814483756616e-17, 0.3490451082475621, 1.541434666768026e-17, 0.2671475601488428, 0.6449512628662183, 0.9120988230150612, 0.912098823015061, 0.6449512628662185, 1.541434666768026e-17, 0.2671475601488427, 8.342184302850087e-18, 0.14457921771612534, 0.49362432596368744, 0.8426694342112496, 0.9872486519273747, 0.8426694342112497, 0.49362432596368727, 8.342184302850087e-18, 0.14457921771612528, -2.6696293699582232e-33, 4.6865204053262974e-17, 0.2671475601488429, 0.6449512628662186, 0.9120988230150608, 0.9120988230150611, 0.6449512628662183, 0.2671475601488428, -2.6696293699582232e-33, 4.6865204053262974e-17, 8.659560562354932e-17, 0.34904510824756224, 0.6980902164951244, 0.8426694342112497, 0.6980902164951241, 0.3490451082475621, 8.659560562354932e-17, 1.1314261122877003e-16, 0.37780370271737573, 0.6449512628662183, 0.6449512628662184, 0.37780370271737573, 1.1314261122877003e-16, 1.2246467991473532e-16, 0.3490451082475623, 0.4936243259636873, 0.3490451082475622, 1.2246467991473532e-16, 1.1314261122877005e-16, 0.26714756014884283, 0.26714756014884283, 1.1314261122877005e-16, 8.659560562354934e-17, 0.14457921771612536, 8.659560562354934e-17, 4.6865204053263e-17, 4.6865204053263e-17, 1.4997597826618576e-32], "f_values": [0.0, 0.0, 0.0, 0.02007458473229499, 0.0, 0.037092995915661814, 0.0, 0.037092995915661814, 0.0, 0.04846433471971443, 0.0685389194520094, 0.0, 0.04846433471971443, 0.0, 0.05245741789297877, 0.08955041380864057, 0.08955041380864057, 0.0, 0.05245741789297877, 0.0, 0.04846433471971444, 0.09692866943942885, 0.11700325417172386, 0.09692866943942885, 0.0, 0.04846433471971444, 0.0, 0.03709299591566182, 0.08955041380864058, 0.1266434097243024, 0.1266434097243024, 0.08955041380864058, 0.0, 0.03709299591566182, 0.0, 0.020074584732294995, 0.06853891945200942, 0.11700325417172386, 0.13707783890401884, 0.11700325417172386, 0.06853891945200942, 0.0, 0.020074584732294995, 0.0, 6.424180891417153e-18, 0.03709299591566183, 0.0895504138086406, 0.1266434097243024, 0.1266434097243024, 0.0895504138086406, 0.03709299591566183, 0.0, 6.424180891417153e-18, 1.1870338477460841e-17, 0.048464334719714446, 0.09692866943942886, 0.11700325417172387, 0.09692866943942886, 0.048464334719714446, 1.1870338477460841e-17, 1.5509344635197372e-17, 0.05245741789297878, 0.0895504138086406, 0.0895504138086406, 0.05245741789297878, 1.5509344635197372e-17, 1.678719366478432e-17, 0.04846433471971445, 0.06853891945200942, 0.04846433471971445, 1.678719366478432e-17, 1.5509344635197372e-17, 0.03709299591566183, 0.03709299591566183, 1.5509344635197372e-17, 1.1870338477460843e-17, 0.020074584732295002, 1.1870338477460843e-17, 6.424180891417156e-18, 6.424180891417156e-18, 2.055838298824484e-33]}