{"mesh_size": [12, 12], "domain_size": [12.0, 12.0], "u_values": [2.112018517257116e-34, 3.761361642073989e-18, 3.761361642073989e-18, 0.06660600975677282, 7.266392704184647e-18, 0.12867293002025704, 7.266392704184647e-18, 0.12867293002025704, 1.0276231111786839e-17, 0.18197100274493164, 0.24857701250170447, 1.0276231111786839e-17, 0.18197100274493172, 1.2585761351395619e-17, 0.2228680523538398, 0.351540982374097, 0.351540982374097, 1.2585761351395619e-17, 0.22286805235384, 1.403759275386083e-17, 0.24857701250170447, 0.43054801524663616, 0.4971540250034092, 0.43054801524663644, 1.403759275386083e-17, 0.2485770125017048, 1.4532785408369298e-17, 0.257345860040514, 0.480213912394354, 0.6088868424146112, 0.6088868424146113, 0.4802139123943545, 1.4532785408369298e-17, 0.2573458600405146, 1.403759275386083e-17, 0.2485770125017046, 0.497154025003409, 0.6791250277483408, 0.7457310375051142, 0.6791250277483414, 0.4971540250034097, 1.403759275386083e-17, 0.24857701250170494, 1.258576135139562e-17, 0.22286805235384013, 0.48021391239435435, 0.7030819647481943, 0.8317548947684518, 0.8317548947684519, 0.703081964748195, 0.4802139123943549, 1.258576135139562e-17, 0.22286805235384038, 1.027623111178684e-17, 0.18197100274493203, 0.4305480152466366, 0.6791250277483413, 0.861096030493273, 0.9277020402500467, 0.861096030493274, 0.679125027748342, 0.4305480152466372, 1.027623111178684e-17, 0.18197100274493222, 7.266392704184647e-18, 0.1286729300202574, 0.3515409823740976, 0.608886842414612, 0.831754894768452, 0.960427824788709, 0.9604278247887094, 0.8317548947684525, 0.6088868424146126, 0.3515409823740979, 7.266392704184647e-18, 0.1286729300202574, 3.7613616420739925e-18, 0.06660600975677299, 0.24857701250170505, 0.49715402500341005, 0.7457310375051152, 0.9277020402500469, 0.9943080500068195, 0.9277020402500474, 0.7457310375051154, 0.49715402500341016, 0.24857701250170516, 3.7613616420739925e-18, 0.06660600975677297, -1.779752913305482e-33, 3.169619151431765e-17, 0.12867293002025737, 0.3515409823740977, 0.6088868424146124, 0.8317548947684525, 0.9604278247887098, 0.9604278247887097, 0.8317548947684529, 0.6088868424146126, 0.3515409823740977, 0.1286729300202574, -1.779752913305482e-33, 3.169619151431765e-17, 6.123233995736765e-17, 0.18197100274493216, 0.43054801524663733, 0.6791250277483425, 0.8610960304932742, 0.9277020402500469, 0.8610960304932743, 0.6791250277483423, 0.43054801524663733, 0.1819710027449322, 6.123233995736765e-17, 8.659560562354932e-17, 0.2228680523538405, 0.48021391239435535, 0.7030819647481957, 0.8317548947684529, 0.8317548947684527, 0.7030819647481952, 0.4802139123943553, 0.22286805235384052, 8.659560562354932e-17, 1.0605752387249068e-16, 0.24857701250170527, 0.49715402500341055, 0.6791250277483426, 0.7457310375051154, 0.6791250277483422, 0.49715402500341016, 0.2485770125017053, 1.0605752387249068e-16, 1.1829179713786698e-16, 0.25734586004051496, 0.48021391239435557, 0.6088868424146127, 0.6088868424146127, 0.4802139123943552, 0.25734586004051485, 1.1829179713786698e-16, 1.2246467991473532e-16, 0.24857701250170539, 0.4305480152466376, 0.49715402500341066, 0.4305480152466374, 0.24857701250170522, 1.2246467991473532e-16, 1.1829179713786698e-16, 0.2228680523538407, 0.3515409823740981, 0.3515409823740982, 0.22286805235384058, 1.1829179713786698e-16, 1.0605752387249069e-16, 0.18197100274493233, 0.24857701250170539, 0.1819710027449324, 1.0605752387249069e-16, 8.659560562354934e-17, 0.12867293002025748, 0.12867293002025762, 8.659560562354934e-17, 6.123233995736765e-17, 0.06660600975677311, 6.123233995736765e-17, 3.169619151431768e-17, 3.169619151431768e-17, 1.4997597826618576e-32], "f_values": [0.0, 0.0, 0.0, 0.009182474058633844, 0.0, 0.017739177684927658, 0.0, 0.017739177684927658, 0.0, 0.02508698566737086, 0.034269459726004696, 0.0, 0.02508698566737086, 0.0, 0.030725157034786767, 0.04846433471971442, 0.04846433471971442, 0.0, 0.030725157034786767, 0.0, 0.03426945972600471, 0.05935644539337556, 0.0685389194520094, 0.05935644539337556, 0.0, 0.03426945972600471, 0.0, 0.03547835536985532, 0.06620351240464209, 0.08394269008956975, 0.08394269008956975, 0.06620351240464209, 0.0, 0.03547835536985532, 0.0, 0.03426945972600471, 0.0685389194520094, 0.09362590511938029, 0.10280837917801412, 0.09362590511938029, 0.0685389194520094, 0.0, 0.03426945972600471, 0.0, 0.030725157034786767, 0.06620351240464209, 0.09692866943942885, 0.11466784712435653, 0.11466784712435653, 0.09692866943942885, 0.06620351240464209, 0.0, 0.030725157034786767, 0.0, 0.025086985667370863, 0.059356445393375576, 0.09362590511938029, 0.11871289078675115, 0.12789536484538502, 0.11871289078675115, 0.09362590511938029, 0.059356445393375576, 0.0, 0.025086985667370863, 0.0, 0.017739177684927658, 0.048464334719714425, 0.08394269008956975, 0.11466784712435653, 0.13240702480928418, 0.13240702480928418, 0.11466784712435653, 0.08394269008956975, 0.048464334719714425, 0.0, 0.017739177684927658, 0.0, 0.009182474058633854, 0.034269459726004696, 0.06853891945200942, 0.10280837917801414, 0.12789536484538502, 0.13707783890401884, 0.12789536484538502, 0.10280837917801414, 0.06853891945200942, 0.034269459726004696, 0.0, 0.009182474058633854, 0.0, 4.344845434270563e-18, 0.01773917768492768, 0.04846433471971442, 0.08394269008956975, 0.11466784712435654, 0.13240702480928418, 0.13240702480928418, 0.11466784712435654, 0.08394269008956975, 0.04846433471971442, 0.01773917768492768, 0.0, 4.344845434270563e-18, 8.393596832392158e-18, 0.025086985667370887, 0.05935644539337556, 0.09362590511938029, 0.11871289078675115, 0.12789536484538502, 0.11871289078675115, 0.09362590511938029, 0.05935644539337556, 0.025086985667370887, 8.393596832392158e-18, 1.1870338477460841e-17, 0.030725157034786794, 0.06620351240464209, 0.09692866943942886, 0.11466784712435654, 0.11466784712435654, 0.09692866943942886, 0.06620351240464209, 0.030725157034786794, 1.1870338477460841e-17, 1.4538136171952408e-17, 0.034269459726004745, 0.0685389194520094, 0.09362590511938029, 0.10280837917801415, 0.09362590511938029, 0.0685389194520094, 0.034269459726004745, 1.4538136171952408e-17, 1.6215183911731406e-17, 0.03547835536985536, 0.06620351240464209, 0.08394269008956978, 0.08394269008956978, 0.06620351240464209, 0.03547835536985536, 1.6215183911731406e-17, 1.678719366478432e-17, 0.034269459726004745, 0.059356445393375576, 0.06853891945200942, 0.059356445393375576, 0.034269459726004745, 1.678719366478432e-17, 1.6215183911731406e-17, 0.030725157034786798, 0.048464334719714425, 0.048464334719714425, 0.030725157034786798, 1.6215183911731406e-17, 1.4538136171952414e-17, 0.025086985667370887, 0.034269459726004696, 0.025086985667370887, 1.4538136171952414e-17, 1.1870338477460843e-17, 0.01773917768492768, 0.01773917768492768, 1.1870338477460843e-17, 8.393596832392158e-18, 0.009182474058633863, 8.393596832392158e-18, 4.3448454342705674e-18, 4.3448454342705674e-18, 2.055838298824484e-33]}