{"mesh_size": [4, 4], "domain_size": [12.0, 12.0], "u_values": [1.9008166655314045e-33, 3.082869333536052e-17, 3.082869333536052e-17, 0.47511045418375025, 4.35983562251079e-17, 0.6719076479319005, 4.35983562251079e-17, 0.6719076479319005, 3.082869333536052e-17, 0.47511045418375025, 0.9502209083675004, 3.082869333536052e-17, 0.47511045418375014, -5.3392587399164464e-33, 8.659560562354932e-17, 0.6719076479319007, 0.6719076479319007, -5.3392587399164464e-33, 8.659560562354932e-17, 1.2246467991473532e-16, 0.47511045418375036, 1.2246467991473532e-16, 8.659560562354934e-17, 8.659560562354934e-17, 1.4997597826618576e-32], "f_values": [0.0, 0.0, 0.0, 0.0685389194520094, 0.0, 0.09692866943942885, 0.0, 0.09692866943942885, 0.0, 0.06853891945200942, 0.13707783890401884, 0.0, 0.06853891945200942, 0.0, 1.1870338477460841e-17, 0.09692866943942886, 0.09692866943942886, 0.0, 1.1870338477460841e-17, 1.678719366478432e-17, 0.06853891945200942, 1.678719366478432e-17, 1.1870338477460843e-17, 1.1870338477460843e-17, 2.055838298824484e-33]}