{"mesh_size": [6, 6], "domain_size": [12.0, 12.0], "u_values": [8.448074069028463e-34, 1.4532785408369295e-17, 1.4532785408369295e-17, 0.2443675764487682, 2.5171522702791238e-17, 0.42325705813173836, 2.5171522702791238e-17, 0.4232570581317384, 2.9065570816738596e-17, 0.4887351528975365, 0.7331027293463049, 2.9065570816738596e-17, 0.4887351528975365, 2.517152270279124e-17, 0.4232570581317385, 0.8465141162634771, 0.8465141162634767, 2.517152270279124e-17, 0.42325705813173853, 1.4532785408369295e-17, 0.24436757644876833, 0.7331027293463049, 0.9774703057950731, 0.7331027293463048, 1.4532785408369295e-17, 0.24436757644876833, -3.559505826610964e-33, 6.123233995736765e-17, 0.42325705813173853, 0.8465141162634767, 0.8465141162634768, 0.4232570581317386, -3.559505826610964e-33, 6.123233995736765e-17, 1.0605752387249068e-16, 0.4887351528975365, 0.7331027293463046, 0.48873515289753655, 1.0605752387249068e-16, 1.2246467991473532e-16, 0.42325705813173864, 0.42325705813173836, 1.2246467991473532e-16, 1.0605752387249069e-16, 0.24436757644876836, 1.0605752387249069e-16, 6.123233995736765e-17, 6.123233995736765e-17, 1.4997597826618576e-32], "f_values": [0.0, 0.0, 0.0, 0.034269459726004696, 0.0, 0.05935644539337556, 0.0, 0.05935644539337556, 0.0, 0.0685389194520094, 0.10280837917801412, 0.0, 0.0685389194520094, 0.0, 0.059356445393375576, 0.11871289078675115, 0.11871289078675115, 0.0, 0.059356445393375576, 0.0, 0.034269459726004696, 0.10280837917801414, 0.13707783890401884, 0.10280837917801414, 0.0, 0.034269459726004696, 0.0, 8.393596832392158e-18, 0.05935644539337556, 0.11871289078675115, 0.11871289078675115, 0.05935644539337556, 0.0, 8.393596832392158e-18, 1.4538136171952408e-17, 0.0685389194520094, 0.10280837917801415, 0.0685389194520094, 1.4538136171952408e-17, 1.678719366478432e-17, 0.059356445393375576, 0.059356445393375576, 1.678719366478432e-17, 1.4538136171952414e-17, 0.034269459726004696, 1.4538136171952414e-17, 8.393596832392158e-18, 8.393596832392158e-18, 2.055838298824484e-33]}