{
  "seed": 7,
  "L2_error_test": 0.9417939782142639,
  "lambda_taylor": 10,
  "generalization_error_fem": 0.9417939782142639,
  "generalization_error_true": 0.955974280834198
}