{
  "L2_error_test": 0.7563775777816772,
  "lambda_taylor": 1.0,
  "generalization_error_true": 0.8219354550043741,
  "generalization_error_fem": 0.7563775777816772
}