{"global_mesh_x": 20, "global_mesh_y": 20, "sub_x0": 0.0, "sub_x1": 4.0, "sub_y0": 0.0, "sub_y1": 4.0, "sub_mesh_x": 4, "sub_mesh_y": 4, "L2_norm": 8.139427567176125e-18, "H1_norm": 9.119766643680065e-18, "Relative_L2_norm": 1.6582374582592057e-16, "coords": [[0.0, 0.0, 0.0], [0.0, 1.0, 0.0], [1.0, 0.0, 0.0], [1.0, 1.0, 0.0], [0.0, 2.0, 0.0], [1.0, 2.0, 0.0], [2.0, 0.0, 0.0], [2.0, 1.0, 0.0], [0.0, 3.0, 0.0], [1.0, 3.0, 0.0], [2.0, 2.0, 0.0], [3.0, 0.0, 0.0], [3.0, 1.0, 0.0], [0.0, 4.0, 0.0], [1.0, 4.0, 0.0], [2.0, 3.0, 0.0], [3.0, 2.0, 0.0], [4.0, 0.0, 0.0], [4.0, 1.0, 0.0], [2.0, 4.0, 0.0], [3.0, 3.0, 0.0], [4.0, 2.0, 0.0], [3.0, 4.0, 0.0], [4.0, 3.0, 0.0], [4.0, 4.0, 0.0]], "u_values": [0.0122712032686211, 0.0122712032686211, 0.0122712032686211, 0.012271203268621097, 0.0122712032686211, 0.012271203268621097, 0.0122712032686211, 0.012271203268621099, 0.0122712032686211, 0.012271203268621099, 0.012271203268621097, 0.0122712032686211, 0.012271203268621099, 0.0122712032686211, 0.0122712032686211, 0.012271203268621099, 0.012271203268621097, 0.0122712032686211, 0.0122712032686211, 0.0122712032686211, 0.012271203268621099, 0.0122712032686211, 0.0122712032686211, 0.0122712032686211, 0.0122712032686211]}