{"global_mesh_x": 12, "global_mesh_y": 12, "sub_x0": 0.0, "sub_x1": 4.0, "sub_y0": 0.0, "sub_y1": 4.0, "sub_mesh_x": 4, "sub_mesh_y": 4, "L2_norm": 3.2657972211799454e-17, "H1_norm": 2.8991457068154053e-17, "Relative_L2_norm": 2.4181200972452293e-16, "coords": [[0.0, 0.0, 0.0], [0.0, 1.0, 0.0], [1.0, 0.0, 0.0], [1.0, 1.0, 0.0], [0.0, 2.0, 0.0], [1.0, 2.0, 0.0], [2.0, 0.0, 0.0], [2.0, 1.0, 0.0], [0.0, 3.0, 0.0], [1.0, 3.0, 0.0], [2.0, 2.0, 0.0], [3.0, 0.0, 0.0], [3.0, 1.0, 0.0], [0.0, 4.0, 0.0], [1.0, 4.0, 0.0], [2.0, 3.0, 0.0], [3.0, 2.0, 0.0], [4.0, 0.0, 0.0], [4.0, 1.0, 0.0], [2.0, 4.0, 0.0], [3.0, 3.0, 0.0], [4.0, 2.0, 0.0], [3.0, 4.0, 0.0], [4.0, 3.0, 0.0], [4.0, 4.0, 0.0]], "u_values": [0.033763802973438, 0.033763802973438, 0.033763802973438, 0.03376380297343799, 0.033763802973438, 0.03376380297343799, 0.033763802973438, 0.033763802973437985, 0.033763802973438, 0.03376380297343799, 0.033763802973437985, 0.033763802973438, 0.033763802973438, 0.033763802973438, 0.033763802973438, 0.03376380297343799, 0.03376380297343799, 0.033763802973438, 0.033763802973438, 0.033763802973438, 0.03376380297343799, 0.033763802973438, 0.033763802973438, 0.033763802973438, 0.033763802973438]}