{"global_mesh_x": 48, "global_mesh_y": 48, "sub_x0": 0.0, "sub_x1": 4.0, "sub_y0": 0.0, "sub_y1": 4.0, "sub_mesh_x": 8, "sub_mesh_y": 8, "L2_norm": 7.051771017059812e-18, "H1_norm": 9.529704351098193e-18, "Relative_L2_norm": 8.238611871204214e-16, "coords": [[0.0, 0.0, 0.0], [0.0, 0.5, 0.0], [0.5, 0.0, 0.0], [0.5, 0.5, 0.0], [0.0, 1.0, 0.0], [0.5, 1.0, 0.0], [1.0, 0.0, 0.0], [1.0, 0.5, 0.0], [0.0, 1.5, 0.0], [0.5, 1.5, 0.0], [1.0, 1.0, 0.0], [1.5, 0.0, 0.0], [1.5, 0.5, 0.0], [0.0, 2.0, 0.0], [0.5, 2.0, 0.0], [1.0, 1.5, 0.0], [1.5, 1.0, 0.0], [2.0, 0.0, 0.0], [2.0, 0.5, 0.0], [0.0, 2.5, 0.0], [0.5, 2.5, 0.0], [1.0, 2.0, 0.0], [1.5, 1.5, 0.0], [2.0, 1.0, 0.0], [2.5, 0.0, 0.0], [2.5, 0.5, 0.0], [0.0, 3.0, 0.0], [0.5, 3.0, 0.0], [1.0, 2.5, 0.0], [1.5, 2.0, 0.0], [2.0, 1.5, 0.0], [2.5, 1.0, 0.0], [3.0, 0.0, 0.0], [3.0, 0.5, 0.0], [0.0, 3.5, 0.0], [0.5, 3.5, 0.0], [1.0, 3.0, 0.0], [1.5, 2.5, 0.0], [2.0, 2.0, 0.0], [2.5, 1.5, 0.0], [3.0, 1.0, 0.0], [3.5, 0.0, 0.0], [3.5, 0.5, 0.0], [0.0, 4.0, 0.0], [0.5, 4.0, 0.0], [1.0, 3.5, 0.0], [1.5, 3.0, 0.0], [2.0, 2.5, 0.0], [2.5, 2.0, 0.0], [3.0, 1.5, 0.0], [3.5, 1.0, 0.0], [4.0, 0.0, 0.0], [4.0, 0.5, 0.0], [1.0, 4.0, 0.0], [1.5, 3.5, 0.0], [2.0, 3.0, 0.0], [2.5, 2.5, 0.0], [3.0, 2.0, 0.0], [3.5, 1.5, 0.0], [4.0, 1.0, 0.0], [1.5, 4.0, 0.0], [2.0, 3.5, 0.0], [2.5, 3.0, 0.0], [3.0, 2.5, 0.0], [3.5, 2.0, 0.0], [4.0, 1.5, 0.0], [2.0, 4.0, 0.0], [2.5, 3.5, 0.0], [3.0, 3.0, 0.0], [3.5, 2.5, 0.0], [4.0, 2.0, 0.0], [2.5, 4.0, 0.0], [3.0, 3.5, 0.0], [3.5, 3.0, 0.0], [4.0, 2.5, 0.0], [3.0, 4.0, 0.0], [3.5, 3.5, 0.0], [4.0, 3.0, 0.0], [3.5, 4.0, 0.0], [4.0, 3.5, 0.0], [4.0, 4.0, 0.0]], "u_values": [0.0021398541184187, 0.0021398541184187, 0.0021398541184187, 0.0021398541184186994, 0.0021398541184187, 0.002139854118418698, 0.0021398541184187, 0.002139854118418698, 0.0021398541184187, 0.002139854118418698, 0.0021398541184186972, 0.0021398541184187, 0.002139854118418698, 0.0021398541184187, 0.002139854118418699, 0.0021398541184186972, 0.002139854118418697, 0.0021398541184187, 0.0021398541184186977, 0.0021398541184187, 0.002139854118418699, 0.002139854118418697, 0.002139854118418697, 0.002139854118418697, 0.0021398541184187, 0.002139854118418698, 0.0021398541184187, 0.0021398541184186994, 0.0021398541184186977, 0.0021398541184186964, 0.0021398541184186964, 0.0021398541184186972, 0.0021398541184187, 0.002139854118418698, 0.0021398541184187, 0.0021398541184187, 0.0021398541184186977, 0.002139854118418697, 0.0021398541184186964, 0.002139854118418697, 0.0021398541184186977, 0.0021398541184187, 0.002139854118418699, 0.0021398541184187, 0.0021398541184187, 0.0021398541184186994, 0.0021398541184186977, 0.0021398541184186964, 0.002139854118418697, 0.002139854118418697, 0.002139854118418699, 0.0021398541184187, 0.0021398541184187, 0.0021398541184187, 0.002139854118418698, 0.0021398541184186972, 0.002139854118418698, 0.0021398541184186985, 0.0021398541184186985, 0.0021398541184187, 0.0021398541184187, 0.002139854118418698, 0.0021398541184186977, 0.002139854118418699, 0.002139854118418699, 0.0021398541184187, 0.0021398541184187, 0.0021398541184186985, 0.002139854118418698, 0.0021398541184187, 0.0021398541184187, 0.0021398541184187, 0.002139854118418699, 0.002139854118418699, 0.0021398541184187, 0.0021398541184187, 0.0021398541184186994, 0.0021398541184187, 0.0021398541184187, 0.0021398541184187, 0.0021398541184187]}