{"global_mesh_x": 3, "global_mesh_y": 3, "sub_x0": 0.0, "sub_x1": 4.0, "sub_y0": 0.0, "sub_y1": 4.0, "sub_mesh_x": 6, "sub_mesh_y": 6, "L2_norm": 4.664738500595616e-16, "H1_norm": 9.323614665615935e-16, "Relative_L2_norm": 2.7074061756858734e-16, "coords": [[0.0, 0.0, 0.0], [0.0, 0.6666666666666666, 0.0], [0.6666666666666666, 0.0, 0.0], [0.6666666666666666, 0.6666666666666666, 0.0], [0.0, 1.3333333333333333, 0.0], [0.6666666666666666, 1.3333333333333333, 0.0], [1.3333333333333333, 0.0, 0.0], [1.3333333333333333, 0.6666666666666666, 0.0], [0.0, 2.0, 0.0], [0.6666666666666666, 2.0, 0.0], [1.3333333333333333, 1.3333333333333333, 0.0], [2.0, 0.0, 0.0], [2.0, 0.6666666666666666, 0.0], [0.0, 2.6666666666666665, 0.0], [0.6666666666666666, 2.6666666666666665, 0.0], [1.3333333333333333, 2.0, 0.0], [2.0, 1.3333333333333333, 0.0], [2.6666666666666665, 0.0, 0.0], [2.6666666666666665, 0.6666666666666666, 0.0], [0.0, 3.333333333333333, 0.0], [0.6666666666666666, 3.333333333333333, 0.0], [1.3333333333333333, 2.6666666666666665, 0.0], [2.0, 2.0, 0.0], [2.6666666666666665, 1.3333333333333333, 0.0], [3.333333333333333, 0.0, 0.0], [3.333333333333333, 0.6666666666666666, 0.0], [0.0, 4.0, 0.0], [0.6666666666666666, 4.0, 0.0], [1.3333333333333333, 3.333333333333333, 0.0], [2.0, 2.6666666666666665, 0.0], [2.6666666666666665, 2.0, 0.0], [3.333333333333333, 1.3333333333333333, 0.0], [4.0, 0.0, 0.0], [4.0, 0.6666666666666666, 0.0], [1.3333333333333333, 4.0, 0.0], [2.0, 3.333333333333333, 0.0], [2.6666666666666665, 2.6666666666666665, 0.0], [3.333333333333333, 2.0, 0.0], [4.0, 1.3333333333333333, 0.0], [2.0, 4.0, 0.0], [2.6666666666666665, 3.333333333333333, 0.0], [3.333333333333333, 2.6666666666666665, 0.0], [4.0, 2.0, 0.0], [2.6666666666666665, 4.0, 0.0], [3.333333333333333, 3.333333333333333, 0.0], [4.0, 2.6666666666666665, 0.0], [3.333333333333333, 4.0, 0.0], [4.0, 3.333333333333333, 0.0], [4.0, 4.0, 0.0]], "u_values": [0.4307387031993719, 0.4307387031993719, 0.4307387031993719, 0.4307387031993717, 0.4307387031993719, 0.4307387031993717, 0.4307387031993719, 0.43073870319937163, 0.4307387031993719, 0.430738703199372, 0.4307387031993717, 0.4307387031993719, 0.4307387031993717, 0.4307387031993719, 0.43073870319937185, 0.4307387031993718, 0.43073870319937163, 0.4307387031993719, 0.43073870319937174, 0.4307387031993719, 0.43073870319937185, 0.4307387031993719, 0.4307387031993718, 0.43073870319937163, 0.4307387031993719, 0.4307387031993718, 0.4307387031993719, 0.4307387031993719, 0.4307387031993719, 0.4307387031993717, 0.43073870319937174, 0.4307387031993719, 0.4307387031993719, 0.4307387031993719, 0.4307387031993719, 0.4307387031993718, 0.4307387031993717, 0.43073870319937174, 0.4307387031993719, 0.4307387031993719, 0.4307387031993719, 0.43073870319937185, 0.4307387031993719, 0.4307387031993719, 0.43073870319937174, 0.4307387031993719, 0.4307387031993719, 0.4307387031993719, 0.4307387031993719]}