{"global_mesh_x": 12, "global_mesh_y": 12, "sub_x0": 0.0, "sub_x1": 4.0, "sub_y0": 0.0, "sub_y1": 4.0, "sub_mesh_x": 3, "sub_mesh_y": 3, "L2_norm": 3.251178051236402e-17, "H1_norm": 2.8302822617217645e-17, "Relative_L2_norm": 2.407295509479565e-16, "coords": [[0.0, 0.0, 0.0], [0.0, 1.3333333333333333, 0.0], [1.3333333333333333, 0.0, 0.0], [1.3333333333333333, 1.3333333333333333, 0.0], [0.0, 2.6666666666666665, 0.0], [1.3333333333333333, 2.6666666666666665, 0.0], [2.6666666666666665, 0.0, 0.0], [2.6666666666666665, 1.3333333333333333, 0.0], [0.0, 4.0, 0.0], [1.3333333333333333, 4.0, 0.0], [2.6666666666666665, 2.6666666666666665, 0.0], [4.0, 0.0, 0.0], [4.0, 1.3333333333333333, 0.0], [2.6666666666666665, 4.0, 0.0], [4.0, 2.6666666666666665, 0.0], [4.0, 4.0, 0.0]], "u_values": [0.033763802973438, 0.033763802973438, 0.033763802973438, 0.03376380297343799, 0.033763802973438, 0.03376380297343799, 0.033763802973438, 0.033763802973437985, 0.033763802973438, 0.033763802973438, 0.033763802973437985, 0.033763802973438, 0.033763802973438, 0.033763802973438, 0.033763802973438, 0.033763802973438]}