{"global_mesh_x": 96, "global_mesh_y": 96, "sub_x0": 0.0, "sub_x1": 4.0, "sub_y0": 0.0, "sub_y1": 4.0, "sub_mesh_x": 8, "sub_mesh_y": 8, "L2_norm": 2.0255306959068672e-18, "H1_norm": 2.6300458942984324e-18, "Relative_L2_norm": 9.459154655430458e-16, "coords": [[0.0, 0.0, 0.0], [0.0, 0.5, 0.0], [0.5, 0.0, 0.0], [0.5, 0.5, 0.0], [0.0, 1.0, 0.0], [0.5, 1.0, 0.0], [1.0, 0.0, 0.0], [1.0, 0.5, 0.0], [0.0, 1.5, 0.0], [0.5, 1.5, 0.0], [1.0, 1.0, 0.0], [1.5, 0.0, 0.0], [1.5, 0.5, 0.0], [0.0, 2.0, 0.0], [0.5, 2.0, 0.0], [1.0, 1.5, 0.0], [1.5, 1.0, 0.0], [2.0, 0.0, 0.0], [2.0, 0.5, 0.0], [0.0, 2.5, 0.0], [0.5, 2.5, 0.0], [1.0, 2.0, 0.0], [1.5, 1.5, 0.0], [2.0, 1.0, 0.0], [2.5, 0.0, 0.0], [2.5, 0.5, 0.0], [0.0, 3.0, 0.0], [0.5, 3.0, 0.0], [1.0, 2.5, 0.0], [1.5, 2.0, 0.0], [2.0, 1.5, 0.0], [2.5, 1.0, 0.0], [3.0, 0.0, 0.0], [3.0, 0.5, 0.0], [0.0, 3.5, 0.0], [0.5, 3.5, 0.0], [1.0, 3.0, 0.0], [1.5, 2.5, 0.0], [2.0, 2.0, 0.0], [2.5, 1.5, 0.0], [3.0, 1.0, 0.0], [3.5, 0.0, 0.0], [3.5, 0.5, 0.0], [0.0, 4.0, 0.0], [0.5, 4.0, 0.0], [1.0, 3.5, 0.0], [1.5, 3.0, 0.0], [2.0, 2.5, 0.0], [2.5, 2.0, 0.0], [3.0, 1.5, 0.0], [3.5, 1.0, 0.0], [4.0, 0.0, 0.0], [4.0, 0.5, 0.0], [1.0, 4.0, 0.0], [1.5, 3.5, 0.0], [2.0, 3.0, 0.0], [2.5, 2.5, 0.0], [3.0, 2.0, 0.0], [3.5, 1.5, 0.0], [4.0, 1.0, 0.0], [1.5, 4.0, 0.0], [2.0, 3.5, 0.0], [2.5, 3.0, 0.0], [3.0, 2.5, 0.0], [3.5, 2.0, 0.0], [4.0, 1.5, 0.0], [2.0, 4.0, 0.0], [2.5, 3.5, 0.0], [3.0, 3.0, 0.0], [3.5, 2.5, 0.0], [4.0, 2.0, 0.0], [2.5, 4.0, 0.0], [3.0, 3.5, 0.0], [3.5, 3.0, 0.0], [4.0, 2.5, 0.0], [3.0, 4.0, 0.0], [3.5, 3.5, 0.0], [4.0, 3.0, 0.0], [3.5, 4.0, 0.0], [4.0, 3.5, 0.0], [4.0, 4.0, 0.0]], "u_values": [0.0005353360764495, 0.0005353360764495, 0.0005353360764495, 0.0005353360764494996, 0.0005353360764495, 0.0005353360764494996, 0.0005353360764495, 0.0005353360764494996, 0.0005353360764495, 0.0005353360764494995, 0.0005353360764494993, 0.0005353360764495, 0.0005353360764494995, 0.0005353360764495, 0.0005353360764494997, 0.0005353360764494992, 0.0005353360764494993, 0.0005353360764495, 0.0005353360764494995, 0.0005353360764495, 0.0005353360764494997, 0.0005353360764494992, 0.0005353360764494992, 0.000535336076449499, 0.0005353360764495, 0.0005353360764494996, 0.0005353360764495, 0.0005353360764494999, 0.0005353360764494993, 0.000535336076449499, 0.000535336076449499, 0.0005353360764494994, 0.0005353360764495, 0.0005353360764494996, 0.0005353360764495, 0.0005353360764495, 0.0005353360764494993, 0.0005353360764494992, 0.000535336076449499, 0.0005353360764494993, 0.0005353360764494994, 0.0005353360764495, 0.0005353360764494998, 0.0005353360764495, 0.0005353360764495, 0.0005353360764494998, 0.0005353360764494993, 0.000535336076449499, 0.0005353360764494993, 0.0005353360764494995, 0.0005353360764494998, 0.0005353360764495, 0.0005353360764495, 0.0005353360764495, 0.0005353360764494996, 0.0005353360764494993, 0.0005353360764494995, 0.0005353360764494995, 0.0005353360764494995, 0.0005353360764495, 0.0005353360764495, 0.0005353360764494995, 0.0005353360764494994, 0.0005353360764494997, 0.0005353360764494998, 0.0005353360764495, 0.0005353360764495, 0.0005353360764494996, 0.0005353360764494997, 0.0005353360764494999, 0.0005353360764495, 0.0005353360764495, 0.0005353360764494998, 0.0005353360764494999, 0.0005353360764495, 0.0005353360764495, 0.0005353360764495, 0.0005353360764495, 0.0005353360764495, 0.0005353360764495, 0.0005353360764495]}