{"global_mesh_x": 12, "global_mesh_y": 12, "sub_x0": 0.0, "sub_x1": 4.0, "sub_y0": 0.0, "sub_y1": 4.0, "sub_mesh_x": 8, "sub_mesh_y": 8, "L2_norm": 1.2526482528134557e-16, "H1_norm": 1.637908591455164e-16, "Relative_L2_norm": 9.275082651374603e-16, "coords": [[0.0, 0.0, 0.0], [0.0, 0.5, 0.0], [0.5, 0.0, 0.0], [0.5, 0.5, 0.0], [0.0, 1.0, 0.0], [0.5, 1.0, 0.0], [1.0, 0.0, 0.0], [1.0, 0.5, 0.0], [0.0, 1.5, 0.0], [0.5, 1.5, 0.0], [1.0, 1.0, 0.0], [1.5, 0.0, 0.0], [1.5, 0.5, 0.0], [0.0, 2.0, 0.0], [0.5, 2.0, 0.0], [1.0, 1.5, 0.0], [1.5, 1.0, 0.0], [2.0, 0.0, 0.0], [2.0, 0.5, 0.0], [0.0, 2.5, 0.0], [0.5, 2.5, 0.0], [1.0, 2.0, 0.0], [1.5, 1.5, 0.0], [2.0, 1.0, 0.0], [2.5, 0.0, 0.0], [2.5, 0.5, 0.0], [0.0, 3.0, 0.0], [0.5, 3.0, 0.0], [1.0, 2.5, 0.0], [1.5, 2.0, 0.0], [2.0, 1.5, 0.0], [2.5, 1.0, 0.0], [3.0, 0.0, 0.0], [3.0, 0.5, 0.0], [0.0, 3.5, 0.0], [0.5, 3.5, 0.0], [1.0, 3.0, 0.0], [1.5, 2.5, 0.0], [2.0, 2.0, 0.0], [2.5, 1.5, 0.0], [3.0, 1.0, 0.0], [3.5, 0.0, 0.0], [3.5, 0.5, 0.0], [0.0, 4.0, 0.0], [0.5, 4.0, 0.0], [1.0, 3.5, 0.0], [1.5, 3.0, 0.0], [2.0, 2.5, 0.0], [2.5, 2.0, 0.0], [3.0, 1.5, 0.0], [3.5, 1.0, 0.0], [4.0, 0.0, 0.0], [4.0, 0.5, 0.0], [1.0, 4.0, 0.0], [1.5, 3.5, 0.0], [2.0, 3.0, 0.0], [2.5, 2.5, 0.0], [3.0, 2.0, 0.0], [3.5, 1.5, 0.0], [4.0, 1.0, 0.0], [1.5, 4.0, 0.0], [2.0, 3.5, 0.0], [2.5, 3.0, 0.0], [3.0, 2.5, 0.0], [3.5, 2.0, 0.0], [4.0, 1.5, 0.0], [2.0, 4.0, 0.0], [2.5, 3.5, 0.0], [3.0, 3.0, 0.0], [3.5, 2.5, 0.0], [4.0, 2.0, 0.0], [2.5, 4.0, 0.0], [3.0, 3.5, 0.0], [3.5, 3.0, 0.0], [4.0, 2.5, 0.0], [3.0, 4.0, 0.0], [3.5, 3.5, 0.0], [4.0, 3.0, 0.0], [3.5, 4.0, 0.0], [4.0, 3.5, 0.0], [4.0, 4.0, 0.0]], "u_values": [0.033763802973438, 0.033763802973438, 0.033763802973438, 0.03376380297343797, 0.033763802973438, 0.03376380297343797, 0.033763802973438, 0.03376380297343797, 0.033763802973438, 0.03376380297343797, 0.03376380297343795, 0.033763802973438, 0.03376380297343797, 0.033763802973438, 0.03376380297343797, 0.03376380297343795, 0.033763802973437944, 0.033763802973438, 0.033763802973437965, 0.033763802973438, 0.03376380297343798, 0.033763802973437944, 0.03376380297343795, 0.03376380297343794, 0.033763802973438, 0.03376380297343797, 0.033763802973438, 0.033763802973437985, 0.03376380297343796, 0.03376380297343794, 0.03376380297343794, 0.03376380297343796, 0.033763802973438, 0.03376380297343797, 0.033763802973438, 0.03376380297343799, 0.033763802973437965, 0.03376380297343795, 0.03376380297343794, 0.03376380297343795, 0.03376380297343797, 0.033763802973438, 0.033763802973437985, 0.033763802973438, 0.033763802973438, 0.033763802973438, 0.03376380297343796, 0.033763802973437944, 0.03376380297343795, 0.033763802973437965, 0.03376380297343798, 0.033763802973438, 0.033763802973438, 0.033763802973438, 0.03376380297343798, 0.033763802973437965, 0.03376380297343798, 0.03376380297343798, 0.033763802973437965, 0.033763802973438, 0.033763802973438, 0.03376380297343798, 0.033763802973437965, 0.03376380297343799, 0.033763802973437985, 0.033763802973438, 0.033763802973438, 0.03376380297343798, 0.033763802973437985, 0.033763802973438006, 0.033763802973438, 0.033763802973438, 0.033763802973437985, 0.03376380297343799, 0.033763802973438, 0.033763802973438, 0.03376380297343799, 0.033763802973438, 0.033763802973438, 0.033763802973438, 0.033763802973438]}