{"global_mesh_x": 3, "global_mesh_y": 3, "sub_x0": 0.0, "sub_x1": 4.0, "sub_y0": 0.0, "sub_y1": 4.0, "sub_mesh_x": 3, "sub_mesh_y": 3, "L2_norm": 2.3271529883097526e-16, "H1_norm": 3.2212132909287894e-16, "Relative_L2_norm": 1.3506755783869081e-16, "coords": [[0.0, 0.0, 0.0], [0.0, 1.3333333333333333, 0.0], [1.3333333333333333, 0.0, 0.0], [1.3333333333333333, 1.3333333333333333, 0.0], [0.0, 2.6666666666666665, 0.0], [1.3333333333333333, 2.6666666666666665, 0.0], [2.6666666666666665, 0.0, 0.0], [2.6666666666666665, 1.3333333333333333, 0.0], [0.0, 4.0, 0.0], [1.3333333333333333, 4.0, 0.0], [2.6666666666666665, 2.6666666666666665, 0.0], [4.0, 0.0, 0.0], [4.0, 1.3333333333333333, 0.0], [2.6666666666666665, 4.0, 0.0], [4.0, 2.6666666666666665, 0.0], [4.0, 4.0, 0.0]], "u_values": [0.4307387031993719, 0.4307387031993719, 0.4307387031993719, 0.4307387031993718, 0.4307387031993719, 0.43073870319937185, 0.4307387031993719, 0.4307387031993718, 0.4307387031993719, 0.4307387031993719, 0.43073870319937174, 0.4307387031993719, 0.4307387031993719, 0.4307387031993719, 0.4307387031993719, 0.4307387031993719]}