{"global_mesh_x": 48, "global_mesh_y": 48, "sub_x0": 0.0, "sub_x1": 4.0, "sub_y0": 0.0, "sub_y1": 4.0, "sub_mesh_x": 4, "sub_mesh_y": 4, "L2_norm": 1.3659056315654233e-18, "H1_norm": 1.7137026345910618e-18, "Relative_L2_norm": 1.5957929325747612e-16, "coords": [[0.0, 0.0, 0.0], [0.0, 1.0, 0.0], [1.0, 0.0, 0.0], [1.0, 1.0, 0.0], [0.0, 2.0, 0.0], [1.0, 2.0, 0.0], [2.0, 0.0, 0.0], [2.0, 1.0, 0.0], [0.0, 3.0, 0.0], [1.0, 3.0, 0.0], [2.0, 2.0, 0.0], [3.0, 0.0, 0.0], [3.0, 1.0, 0.0], [0.0, 4.0, 0.0], [1.0, 4.0, 0.0], [2.0, 3.0, 0.0], [3.0, 2.0, 0.0], [4.0, 0.0, 0.0], [4.0, 1.0, 0.0], [2.0, 4.0, 0.0], [3.0, 3.0, 0.0], [4.0, 2.0, 0.0], [3.0, 4.0, 0.0], [4.0, 3.0, 0.0], [4.0, 4.0, 0.0]], "u_values": [0.0021398541184187, 0.0021398541184187, 0.0021398541184187, 0.0021398541184186994, 0.0021398541184187, 0.0021398541184186994, 0.0021398541184187, 0.0021398541184186994, 0.0021398541184187, 0.0021398541184186994, 0.002139854118418699, 0.0021398541184187, 0.0021398541184186994, 0.0021398541184187, 0.0021398541184187, 0.0021398541184186994, 0.0021398541184186994, 0.0021398541184187, 0.0021398541184187, 0.0021398541184187, 0.0021398541184186994, 0.0021398541184187, 0.0021398541184187, 0.0021398541184187, 0.0021398541184187]}