{"global_mesh_x": 48, "global_mesh_y": 48, "sub_x0": 0.0, "sub_x1": 4.0, "sub_y0": 0.0, "sub_y1": 4.0, "sub_mesh_x": 6, "sub_mesh_y": 6, "L2_norm": 1.855312063785843e-18, "H1_norm": 3.7873056525023786e-18, "Relative_L2_norm": 2.1675683961541182e-16, "coords": [[0.0, 0.0, 0.0], [0.0, 0.6666666666666666, 0.0], [0.6666666666666666, 0.0, 0.0], [0.6666666666666666, 0.6666666666666666, 0.0], [0.0, 1.3333333333333333, 0.0], [0.6666666666666666, 1.3333333333333333, 0.0], [1.3333333333333333, 0.0, 0.0], [1.3333333333333333, 0.6666666666666666, 0.0], [0.0, 2.0, 0.0], [0.6666666666666666, 2.0, 0.0], [1.3333333333333333, 1.3333333333333333, 0.0], [2.0, 0.0, 0.0], [2.0, 0.6666666666666666, 0.0], [0.0, 2.6666666666666665, 0.0], [0.6666666666666666, 2.6666666666666665, 0.0], [1.3333333333333333, 2.0, 0.0], [2.0, 1.3333333333333333, 0.0], [2.6666666666666665, 0.0, 0.0], [2.6666666666666665, 0.6666666666666666, 0.0], [0.0, 3.333333333333333, 0.0], [0.6666666666666666, 3.333333333333333, 0.0], [1.3333333333333333, 2.6666666666666665, 0.0], [2.0, 2.0, 0.0], [2.6666666666666665, 1.3333333333333333, 0.0], [3.333333333333333, 0.0, 0.0], [3.333333333333333, 0.6666666666666666, 0.0], [0.0, 4.0, 0.0], [0.6666666666666666, 4.0, 0.0], [1.3333333333333333, 3.333333333333333, 0.0], [2.0, 2.6666666666666665, 0.0], [2.6666666666666665, 2.0, 0.0], [3.333333333333333, 1.3333333333333333, 0.0], [4.0, 0.0, 0.0], [4.0, 0.6666666666666666, 0.0], [1.3333333333333333, 4.0, 0.0], [2.0, 3.333333333333333, 0.0], [2.6666666666666665, 2.6666666666666665, 0.0], [3.333333333333333, 2.0, 0.0], [4.0, 1.3333333333333333, 0.0], [2.0, 4.0, 0.0], [2.6666666666666665, 3.333333333333333, 0.0], [3.333333333333333, 2.6666666666666665, 0.0], [4.0, 2.0, 0.0], [2.6666666666666665, 4.0, 0.0], [3.333333333333333, 3.333333333333333, 0.0], [4.0, 2.6666666666666665, 0.0], [3.333333333333333, 4.0, 0.0], [4.0, 3.333333333333333, 0.0], [4.0, 4.0, 0.0]], "u_values": [0.0021398541184187, 0.0021398541184187, 0.0021398541184187, 0.0021398541184186994, 0.0021398541184187, 0.0021398541184186985, 0.0021398541184187, 0.002139854118418699, 0.0021398541184187, 0.0021398541184187003, 0.002139854118418699, 0.0021398541184187, 0.002139854118418699, 0.0021398541184187, 0.0021398541184187, 0.0021398541184186994, 0.0021398541184186985, 0.0021398541184187, 0.0021398541184186994, 0.0021398541184187, 0.0021398541184186994, 0.0021398541184186994, 0.0021398541184186994, 0.002139854118418699, 0.0021398541184187, 0.0021398541184186994, 0.0021398541184187, 0.0021398541184187, 0.0021398541184187, 0.0021398541184186994, 0.0021398541184186994, 0.0021398541184186994, 0.0021398541184187, 0.0021398541184187, 0.0021398541184187, 0.0021398541184187, 0.0021398541184186994, 0.0021398541184186994, 0.0021398541184187, 0.0021398541184187, 0.0021398541184187007, 0.0021398541184187, 0.0021398541184187, 0.0021398541184187, 0.0021398541184187, 0.0021398541184187, 0.0021398541184187, 0.0021398541184187, 0.0021398541184187]}