{"global_mesh_x": 96, "global_mesh_y": 96, "sub_x0": 0.0, "sub_x1": 4.0, "sub_y0": 0.0, "sub_y1": 4.0, "sub_mesh_x": 3, "sub_mesh_y": 3, "L2_norm": 3.444033516835665e-19, "H1_norm": 4.291395829200855e-19, "Relative_L2_norm": 1.6083511220080052e-16, "coords": [[0.0, 0.0, 0.0], [0.0, 1.3333333333333333, 0.0], [1.3333333333333333, 0.0, 0.0], [1.3333333333333333, 1.3333333333333333, 0.0], [0.0, 2.6666666666666665, 0.0], [1.3333333333333333, 2.6666666666666665, 0.0], [2.6666666666666665, 0.0, 0.0], [2.6666666666666665, 1.3333333333333333, 0.0], [0.0, 4.0, 0.0], [1.3333333333333333, 4.0, 0.0], [2.6666666666666665, 2.6666666666666665, 0.0], [4.0, 0.0, 0.0], [4.0, 1.3333333333333333, 0.0], [2.6666666666666665, 4.0, 0.0], [4.0, 2.6666666666666665, 0.0], [4.0, 4.0, 0.0]], "u_values": [0.0005353360764495, 0.0005353360764495, 0.0005353360764495, 0.0005353360764494998, 0.0005353360764495, 0.0005353360764495, 0.0005353360764495, 0.0005353360764494999, 0.0005353360764495, 0.0005353360764495, 0.0005353360764494999, 0.0005353360764495, 0.0005353360764495, 0.0005353360764495, 0.0005353360764495, 0.0005353360764495]}