{"global_mesh_x": 12, "global_mesh_y": 12, "sub_x0": 0.0, "sub_x1": 4.0, "sub_y0": 0.0, "sub_y1": 4.0, "sub_mesh_x": 16, "sub_mesh_y": 16, "L2_norm": 2.2824677599652242e-16, "H1_norm": 3.9109457893006014e-16, "Relative_L2_norm": 1.6900256776175491e-15, "coords": [[0.0, 0.0, 0.0], [0.0, 0.25, 0.0], [0.25, 0.0, 0.0], [0.25, 0.25, 0.0], [0.0, 0.5, 0.0], [0.25, 0.5, 0.0], [0.5, 0.0, 0.0], [0.5, 0.25, 0.0], [0.0, 0.75, 0.0], [0.25, 0.75, 0.0], [0.5, 0.5, 0.0], [0.75, 0.0, 0.0], [0.75, 0.25, 0.0], [0.0, 1.0, 0.0], [0.25, 1.0, 0.0], [0.5, 0.75, 0.0], [0.75, 0.5, 0.0], [1.0, 0.0, 0.0], [1.0, 0.25, 0.0], [0.0, 1.25, 0.0], [0.25, 1.25, 0.0], [0.5, 1.0, 0.0], [0.75, 0.75, 0.0], [1.0, 0.5, 0.0], [1.25, 0.0, 0.0], [1.25, 0.25, 0.0], [0.0, 1.5, 0.0], [0.25, 1.5, 0.0], [0.5, 1.25, 0.0], [0.75, 1.0, 0.0], [1.0, 0.75, 0.0], [1.25, 0.5, 0.0], [1.5, 0.0, 0.0], [1.5, 0.25, 0.0], [0.0, 1.75, 0.0], [0.25, 1.75, 0.0], [0.5, 1.5, 0.0], [0.75, 1.25, 0.0], [1.0, 1.0, 0.0], [1.25, 0.75, 0.0], [1.5, 0.5, 0.0], [1.75, 0.0, 0.0], [1.75, 0.25, 0.0], [0.0, 2.0, 0.0], [0.25, 2.0, 0.0], [0.5, 1.75, 0.0], [0.75, 1.5, 0.0], [1.0, 1.25, 0.0], [1.25, 1.0, 0.0], [1.5, 0.75, 0.0], [1.75, 0.5, 0.0], [2.0, 0.0, 0.0], [2.0, 0.25, 0.0], [0.0, 2.25, 0.0], [0.25, 2.25, 0.0], [0.5, 2.0, 0.0], [0.75, 1.75, 0.0], [1.0, 1.5, 0.0], [1.25, 1.25, 0.0], [1.5, 1.0, 0.0], [1.75, 0.75, 0.0], [2.0, 0.5, 0.0], [2.25, 0.0, 0.0], [2.25, 0.25, 0.0], [0.0, 2.5, 0.0], [0.25, 2.5, 0.0], [0.5, 2.25, 0.0], [0.75, 2.0, 0.0], [1.0, 1.75, 0.0], [1.25, 1.5, 0.0], [1.5, 1.25, 0.0], [1.75, 1.0, 0.0], [2.0, 0.75, 0.0], [2.25, 0.5, 0.0], [2.5, 0.0, 0.0], [2.5, 0.25, 0.0], [0.0, 2.75, 0.0], [0.25, 2.75, 0.0], [0.5, 2.5, 0.0], [0.75, 2.25, 0.0], [1.0, 2.0, 0.0], [1.25, 1.75, 0.0], [1.5, 1.5, 0.0], [1.75, 1.25, 0.0], [2.0, 1.0, 0.0], [2.25, 0.75, 0.0], [2.5, 0.5, 0.0], [2.75, 0.0, 0.0], [2.75, 0.25, 0.0], [0.0, 3.0, 0.0], [0.25, 3.0, 0.0], [0.5, 2.75, 0.0], [0.75, 2.5, 0.0], [1.0, 2.25, 0.0], [1.25, 2.0, 0.0], [1.5, 1.75, 0.0], [1.75, 1.5, 0.0], [2.0, 1.25, 0.0], [2.25, 1.0, 0.0], [2.5, 0.75, 0.0], [2.75, 0.5, 0.0], [3.0, 0.0, 0.0], [3.0, 0.25, 0.0], [0.0, 3.25, 0.0], [0.25, 3.25, 0.0], [0.5, 3.0, 0.0], [0.75, 2.75, 0.0], [1.0, 2.5, 0.0], [1.25, 2.25, 0.0], [1.5, 2.0, 0.0], [1.75, 1.75, 0.0], [2.0, 1.5, 0.0], [2.25, 1.25, 0.0], [2.5, 1.0, 0.0], [2.75, 0.75, 0.0], [3.0, 0.5, 0.0], [3.25, 0.0, 0.0], [3.25, 0.25, 0.0], [0.0, 3.5, 0.0], [0.25, 3.5, 0.0], [0.5, 3.25, 0.0], [0.75, 3.0, 0.0], [1.0, 2.75, 0.0], [1.25, 2.5, 0.0], [1.5, 2.25, 0.0], [1.75, 2.0, 0.0], [2.0, 1.75, 0.0], [2.25, 1.5, 0.0], [2.5, 1.25, 0.0], [2.75, 1.0, 0.0], [3.0, 0.75, 0.0], [3.25, 0.5, 0.0], [3.5, 0.0, 0.0], [3.5, 0.25, 0.0], [0.0, 3.75, 0.0], [0.25, 3.75, 0.0], [0.5, 3.5, 0.0], [0.75, 3.25, 0.0], [1.0, 3.0, 0.0], [1.25, 2.75, 0.0], [1.5, 2.5, 0.0], [1.75, 2.25, 0.0], [2.0, 2.0, 0.0], [2.25, 1.75, 0.0], [2.5, 1.5, 0.0], [2.75, 1.25, 0.0], [3.0, 1.0, 0.0], [3.25, 0.75, 0.0], [3.5, 0.5, 0.0], [3.75, 0.0, 0.0], [3.75, 0.25, 0.0], [0.0, 4.0, 0.0], [0.25, 4.0, 0.0], [0.5, 3.75, 0.0], [0.75, 3.5, 0.0], [1.0, 3.25, 0.0], [1.25, 3.0, 0.0], [1.5, 2.75, 0.0], [1.75, 2.5, 0.0], [2.0, 2.25, 0.0], [2.25, 2.0, 0.0], [2.5, 1.75, 0.0], [2.75, 1.5, 0.0], [3.0, 1.25, 0.0], [3.25, 1.0, 0.0], [3.5, 0.75, 0.0], [3.75, 0.5, 0.0], [4.0, 0.0, 0.0], [4.0, 0.25, 0.0], [0.5, 4.0, 0.0], [0.75, 3.75, 0.0], [1.0, 3.5, 0.0], [1.25, 3.25, 0.0], [1.5, 3.0, 0.0], [1.75, 2.75, 0.0], [2.0, 2.5, 0.0], [2.25, 2.25, 0.0], [2.5, 2.0, 0.0], [2.75, 1.75, 0.0], [3.0, 1.5, 0.0], [3.25, 1.25, 0.0], [3.5, 1.0, 0.0], [3.75, 0.75, 0.0], [4.0, 0.5, 0.0], [0.75, 4.0, 0.0], [1.0, 3.75, 0.0], [1.25, 3.5, 0.0], [1.5, 3.25, 0.0], [1.75, 3.0, 0.0], [2.0, 2.75, 0.0], [2.25, 2.5, 0.0], [2.5, 2.25, 0.0], [2.75, 2.0, 0.0], [3.0, 1.75, 0.0], [3.25, 1.5, 0.0], [3.5, 1.25, 0.0], [3.75, 1.0, 0.0], [4.0, 0.75, 0.0], [1.0, 4.0, 0.0], [1.25, 3.75, 0.0], [1.5, 3.5, 0.0], [1.75, 3.25, 0.0], [2.0, 3.0, 0.0], [2.25, 2.75, 0.0], [2.5, 2.5, 0.0], [2.75, 2.25, 0.0], [3.0, 2.0, 0.0], [3.25, 1.75, 0.0], [3.5, 1.5, 0.0], [3.75, 1.25, 0.0], [4.0, 1.0, 0.0], [1.25, 4.0, 0.0], [1.5, 3.75, 0.0], [1.75, 3.5, 0.0], [2.0, 3.25, 0.0], [2.25, 3.0, 0.0], [2.5, 2.75, 0.0], [2.75, 2.5, 0.0], [3.0, 2.25, 0.0], [3.25, 2.0, 0.0], [3.5, 1.75, 0.0], [3.75, 1.5, 0.0], [4.0, 1.25, 0.0], [1.5, 4.0, 0.0], [1.75, 3.75, 0.0], [2.0, 3.5, 0.0], [2.25, 3.25, 0.0], [2.5, 3.0, 0.0], [2.75, 2.75, 0.0], [3.0, 2.5, 0.0], [3.25, 2.25, 0.0], [3.5, 2.0, 0.0], [3.75, 1.75, 0.0], [4.0, 1.5, 0.0], [1.75, 4.0, 0.0], [2.0, 3.75, 0.0], [2.25, 3.5, 0.0], [2.5, 3.25, 0.0], [2.75, 3.0, 0.0], [3.0, 2.75, 0.0], [3.25, 2.5, 0.0], [3.5, 2.25, 0.0], [3.75, 2.0, 0.0], [4.0, 1.75, 0.0], [2.0, 4.0, 0.0], [2.25, 3.75, 0.0], [2.5, 3.5, 0.0], [2.75, 3.25, 0.0], [3.0, 3.0, 0.0], [3.25, 2.75, 0.0], [3.5, 2.5, 0.0], [3.75, 2.25, 0.0], [4.0, 2.0, 0.0], [2.25, 4.0, 0.0], [2.5, 3.75, 0.0], [2.75, 3.5, 0.0], [3.0, 3.25, 0.0], [3.25, 3.0, 0.0], [3.5, 2.75, 0.0], [3.75, 2.5, 0.0], [4.0, 2.25, 0.0], [2.5, 4.0, 0.0], [2.75, 3.75, 0.0], [3.0, 3.5, 0.0], [3.25, 3.25, 0.0], [3.5, 3.0, 0.0], [3.75, 2.75, 0.0], [4.0, 2.5, 0.0], [2.75, 4.0, 0.0], [3.0, 3.75, 0.0], [3.25, 3.5, 0.0], [3.5, 3.25, 0.0], [3.75, 3.0, 0.0], [4.0, 2.75, 0.0], [3.0, 4.0, 0.0], [3.25, 3.75, 0.0], [3.5, 3.5, 0.0], [3.75, 3.25, 0.0], [4.0, 3.0, 0.0], [3.25, 4.0, 0.0], [3.5, 3.75, 0.0], [3.75, 3.5, 0.0], [4.0, 3.25, 0.0], [3.5, 4.0, 0.0], [3.75, 3.75, 0.0], [4.0, 3.5, 0.0], [3.75, 4.0, 0.0], [4.0, 3.75, 0.0], [4.0, 4.0, 0.0]],