{"global_mesh_x": 4, "global_mesh_y": 4, "sub_x0": 0.0, "sub_x1": 4.0, "sub_y0": 0.0, "sub_y1": 4.0, "sub_mesh_x": 6, "sub_mesh_y": 6, "L2_norm": 2.438555530867103e-16, "H1_norm": 5.476209378417672e-16, "Relative_L2_norm": 2.2619880629186374e-16, "coords": [[0.0, 0.0, 0.0], [0.0, 0.6666666666666666, 0.0], [0.6666666666666666, 0.0, 0.0], [0.6666666666666666, 0.6666666666666666, 0.0], [0.0, 1.3333333333333333, 0.0], [0.6666666666666666, 1.3333333333333333, 0.0], [1.3333333333333333, 0.0, 0.0], [1.3333333333333333, 0.6666666666666666, 0.0], [0.0, 2.0, 0.0], [0.6666666666666666, 2.0, 0.0], [1.3333333333333333, 1.3333333333333333, 0.0], [2.0, 0.0, 0.0], [2.0, 0.6666666666666666, 0.0], [0.0, 2.6666666666666665, 0.0], [0.6666666666666666, 2.6666666666666665, 0.0], [1.3333333333333333, 2.0, 0.0], [2.0, 1.3333333333333333, 0.0], [2.6666666666666665, 0.0, 0.0], [2.6666666666666665, 0.6666666666666666, 0.0], [0.0, 3.333333333333333, 0.0], [0.6666666666666666, 3.333333333333333, 0.0], [1.3333333333333333, 2.6666666666666665, 0.0], [2.0, 2.0, 0.0], [2.6666666666666665, 1.3333333333333333, 0.0], [3.333333333333333, 0.0, 0.0], [3.333333333333333, 0.6666666666666666, 0.0], [0.0, 4.0, 0.0], [0.6666666666666666, 4.0, 0.0], [1.3333333333333333, 3.333333333333333, 0.0], [2.0, 2.6666666666666665, 0.0], [2.6666666666666665, 2.0, 0.0], [3.333333333333333, 1.3333333333333333, 0.0], [4.0, 0.0, 0.0], [4.0, 0.6666666666666666, 0.0], [1.3333333333333333, 4.0, 0.0], [2.0, 3.333333333333333, 0.0], [2.6666666666666665, 2.6666666666666665, 0.0], [3.333333333333333, 2.0, 0.0], [4.0, 1.3333333333333333, 0.0], [2.0, 4.0, 0.0], [2.6666666666666665, 3.333333333333333, 0.0], [3.333333333333333, 2.6666666666666665, 0.0], [4.0, 2.0, 0.0], [2.6666666666666665, 4.0, 0.0], [3.333333333333333, 3.333333333333333, 0.0], [4.0, 2.6666666666666665, 0.0], [3.333333333333333, 4.0, 0.0], [4.0, 3.333333333333333, 0.0], [4.0, 4.0, 0.0]], "u_values": [0.2695146330392923, 0.2695146330392923, 0.2695146330392923, 0.26951463303929224, 0.2695146330392923, 0.2695146330392922, 0.2695146330392923, 0.26951463303929213, 0.2695146330392923, 0.26951463303929235, 0.26951463303929213, 0.2695146330392923, 0.2695146330392922, 0.2695146330392923, 0.26951463303929224, 0.26951463303929224, 0.26951463303929213, 0.2695146330392923, 0.2695146330392923, 0.2695146330392923, 0.2695146330392922, 0.2695146330392923, 0.26951463303929224, 0.26951463303929213, 0.2695146330392923, 0.26951463303929224, 0.2695146330392923, 0.2695146330392923, 0.26951463303929235, 0.2695146330392922, 0.26951463303929224, 0.2695146330392923, 0.2695146330392923, 0.2695146330392923, 0.2695146330392923, 0.26951463303929224, 0.2695146330392922, 0.2695146330392922, 0.2695146330392923, 0.2695146330392923, 0.2695146330392923, 0.2695146330392923, 0.2695146330392923, 0.2695146330392923, 0.2695146330392923, 0.2695146330392923, 0.2695146330392923, 0.2695146330392923, 0.2695146330392923]}