{"global_mesh_x": 8, "global_mesh_y": 8, "sub_x0": 0.0, "sub_x1": 4.0, "sub_y0": 0.0, "sub_y1": 4.0, "sub_mesh_x": 8, "sub_mesh_y": 8, "L2_norm": 2.6837727547028666e-16, "H1_norm": 3.391141604430717e-16, "Relative_L2_norm": 8.997879581168407e-16, "coords": [[0.0, 0.0, 0.0], [0.0, 0.5, 0.0], [0.5, 0.0, 0.0], [0.5, 0.5, 0.0], [0.0, 1.0, 0.0], [0.5, 1.0, 0.0], [1.0, 0.0, 0.0], [1.0, 0.5, 0.0], [0.0, 1.5, 0.0], [0.5, 1.5, 0.0], [1.0, 1.0, 0.0], [1.5, 0.0, 0.0], [1.5, 0.5, 0.0], [0.0, 2.0, 0.0], [0.5, 2.0, 0.0], [1.0, 1.5, 0.0], [1.5, 1.0, 0.0], [2.0, 0.0, 0.0], [2.0, 0.5, 0.0], [0.0, 2.5, 0.0], [0.5, 2.5, 0.0], [1.0, 2.0, 0.0], [1.5, 1.5, 0.0], [2.0, 1.0, 0.0], [2.5, 0.0, 0.0], [2.5, 0.5, 0.0], [0.0, 3.0, 0.0], [0.5, 3.0, 0.0], [1.0, 2.5, 0.0], [1.5, 2.0, 0.0], [2.0, 1.5, 0.0], [2.5, 1.0, 0.0], [3.0, 0.0, 0.0], [3.0, 0.5, 0.0], [0.0, 3.5, 0.0], [0.5, 3.5, 0.0], [1.0, 3.0, 0.0], [1.5, 2.5, 0.0], [2.0, 2.0, 0.0], [2.5, 1.5, 0.0], [3.0, 1.0, 0.0], [3.5, 0.0, 0.0], [3.5, 0.5, 0.0], [0.0, 4.0, 0.0], [0.5, 4.0, 0.0], [1.0, 3.5, 0.0], [1.5, 3.0, 0.0], [2.0, 2.5, 0.0], [2.5, 2.0, 0.0], [3.0, 1.5, 0.0], [3.5, 1.0, 0.0], [4.0, 0.0, 0.0], [4.0, 0.5, 0.0], [1.0, 4.0, 0.0], [1.5, 3.5, 0.0], [2.0, 3.0, 0.0], [2.5, 2.5, 0.0], [3.0, 2.0, 0.0], [3.5, 1.5, 0.0], [4.0, 1.0, 0.0], [1.5, 4.0, 0.0], [2.0, 3.5, 0.0], [2.5, 3.0, 0.0], [3.0, 2.5, 0.0], [3.5, 2.0, 0.0], [4.0, 1.5, 0.0], [2.0, 4.0, 0.0], [2.5, 3.5, 0.0], [3.0, 3.0, 0.0], [3.5, 2.5, 0.0], [4.0, 2.0, 0.0], [2.5, 4.0, 0.0], [3.0, 3.5, 0.0], [3.5, 3.0, 0.0], [4.0, 2.5, 0.0], [3.0, 4.0, 0.0], [3.5, 3.5, 0.0], [4.0, 3.0, 0.0], [3.5, 4.0, 0.0], [4.0, 3.5, 0.0], [4.0, 4.0, 0.0]], "u_values": [0.0745668112829524, 0.0745668112829524, 0.0745668112829524, 0.07456681128295235, 0.0745668112829524, 0.07456681128295234, 0.0745668112829524, 0.07456681128295234, 0.0745668112829524, 0.07456681128295232, 0.0745668112829523, 0.0745668112829524, 0.07456681128295232, 0.0745668112829524, 0.07456681128295234, 0.07456681128295228, 0.0745668112829523, 0.0745668112829524, 0.07456681128295232, 0.0745668112829524, 0.07456681128295235, 0.07456681128295228, 0.07456681128295228, 0.07456681128295227, 0.0745668112829524, 0.07456681128295234, 0.0745668112829524, 0.07456681128295235, 0.07456681128295231, 0.07456681128295227, 0.07456681128295226, 0.07456681128295228, 0.0745668112829524, 0.07456681128295232, 0.0745668112829524, 0.07456681128295238, 0.07456681128295232, 0.07456681128295228, 0.07456681128295226, 0.07456681128295227, 0.07456681128295231, 0.0745668112829524, 0.07456681128295237, 0.0745668112829524, 0.0745668112829524, 0.07456681128295238, 0.07456681128295231, 0.07456681128295228, 0.0745668112829523, 0.0745668112829523, 0.07456681128295234, 0.0745668112829524, 0.0745668112829524, 0.0745668112829524, 0.07456681128295234, 0.07456681128295231, 0.07456681128295232, 0.07456681128295234, 0.07456681128295234, 0.0745668112829524, 0.0745668112829524, 0.07456681128295235, 0.07456681128295232, 0.07456681128295235, 0.07456681128295235, 0.0745668112829524, 0.0745668112829524, 0.07456681128295235, 0.07456681128295235, 0.0745668112829524, 0.0745668112829524, 0.0745668112829524, 0.07456681128295238, 0.0745668112829524, 0.0745668112829524, 0.0745668112829524, 0.0745668112829524, 0.0745668112829524, 0.0745668112829524, 0.0745668112829524, 0.0745668112829524]}