{"global_mesh_x": 3, "global_mesh_y": 3, "sub_x0": 0.0, "sub_x1": 4.0, "sub_y0": 0.0, "sub_y1": 4.0, "sub_mesh_x": 4, "sub_mesh_y": 4, "L2_norm": 2.9826782810580505e-16, "H1_norm": 4.707834831014816e-16, "Relative_L2_norm": 1.731141327041076e-16, "coords": [[0.0, 0.0, 0.0], [0.0, 1.0, 0.0], [1.0, 0.0, 0.0], [1.0, 1.0, 0.0], [0.0, 2.0, 0.0], [1.0, 2.0, 0.0], [2.0, 0.0, 0.0], [2.0, 1.0, 0.0], [0.0, 3.0, 0.0], [1.0, 3.0, 0.0], [2.0, 2.0, 0.0], [3.0, 0.0, 0.0], [3.0, 1.0, 0.0], [0.0, 4.0, 0.0], [1.0, 4.0, 0.0], [2.0, 3.0, 0.0], [3.0, 2.0, 0.0], [4.0, 0.0, 0.0], [4.0, 1.0, 0.0], [2.0, 4.0, 0.0], [3.0, 3.0, 0.0], [4.0, 2.0, 0.0], [3.0, 4.0, 0.0], [4.0, 3.0, 0.0], [4.0, 4.0, 0.0]], "u_values": [0.4307387031993719, 0.4307387031993719, 0.4307387031993719, 0.43073870319937185, 0.4307387031993719, 0.4307387031993717, 0.4307387031993719, 0.4307387031993718, 0.4307387031993719, 0.43073870319937174, 0.43073870319937174, 0.4307387031993719, 0.4307387031993718, 0.4307387031993719, 0.4307387031993719, 0.43073870319937185, 0.43073870319937185, 0.4307387031993719, 0.4307387031993719, 0.4307387031993719, 0.4307387031993719, 0.4307387031993719, 0.4307387031993719, 0.4307387031993719, 0.4307387031993719]}