{"global_mesh_x": 24, "global_mesh_y": 24, "sub_x0": 0.0, "sub_x1": 4.0, "sub_y0": 0.0, "sub_y1": 4.0, "sub_mesh_x": 12, "sub_mesh_y": 12, "L2_norm": 2.5610125058066077e-17, "H1_norm": 5.5015631142953445e-17, "Relative_L2_norm": 7.500965755640974e-16, "coords": [[0.0, 0.0, 0.0], [0.0, 0.3333333333333333, 0.0], [0.3333333333333333, 0.0, 0.0], [0.3333333333333333, 0.3333333333333333, 0.0], [0.0, 0.6666666666666666, 0.0], [0.3333333333333333, 0.6666666666666666, 0.0], [0.6666666666666666, 0.0, 0.0], [0.6666666666666666, 0.3333333333333333, 0.0], [0.0, 1.0, 0.0], [0.3333333333333333, 1.0, 0.0], [0.6666666666666666, 0.6666666666666666, 0.0], [1.0, 0.0, 0.0], [1.0, 0.3333333333333333, 0.0], [0.0, 1.3333333333333333, 0.0], [0.3333333333333333, 1.3333333333333333, 0.0], [0.6666666666666666, 1.0, 0.0], [1.0, 0.6666666666666666, 0.0], [1.3333333333333333, 0.0, 0.0], [1.3333333333333333, 0.3333333333333333, 0.0], [0.0, 1.6666666666666665, 0.0], [0.3333333333333333, 1.6666666666666665, 0.0], [0.6666666666666666, 1.3333333333333333, 0.0], [1.0, 1.0, 0.0], [1.3333333333333333, 0.6666666666666666, 0.0], [1.6666666666666665, 0.0, 0.0], [1.6666666666666665, 0.3333333333333333, 0.0], [0.0, 2.0, 0.0], [0.3333333333333333, 2.0, 0.0], [0.6666666666666666, 1.6666666666666665, 0.0], [1.0, 1.3333333333333333, 0.0], [1.3333333333333333, 1.0, 0.0], [1.6666666666666665, 0.6666666666666666, 0.0], [2.0, 0.0, 0.0], [2.0, 0.3333333333333333, 0.0], [0.0, 2.333333333333333, 0.0], [0.3333333333333333, 2.333333333333333, 0.0], [0.6666666666666666, 2.0, 0.0], [1.0, 1.6666666666666665, 0.0], [1.3333333333333333, 1.3333333333333333, 0.0], [1.6666666666666665, 1.0, 0.0], [2.0, 0.6666666666666666, 0.0], [2.333333333333333, 0.0, 0.0], [2.333333333333333, 0.3333333333333333, 0.0], [0.0, 2.6666666666666665, 0.0], [0.3333333333333333, 2.6666666666666665, 0.0], [0.6666666666666666, 2.333333333333333, 0.0], [1.0, 2.0, 0.0], [1.3333333333333333, 1.6666666666666665, 0.0], [1.6666666666666665, 1.3333333333333333, 0.0], [2.0, 1.0, 0.0], [2.333333333333333, 0.6666666666666666, 0.0], [2.6666666666666665, 0.0, 0.0], [2.6666666666666665, 0.3333333333333333, 0.0], [0.0, 3.0, 0.0], [0.3333333333333333, 3.0, 0.0], [0.6666666666666666, 2.6666666666666665, 0.0], [1.0, 2.333333333333333, 0.0], [1.3333333333333333, 2.0, 0.0], [1.6666666666666665, 1.6666666666666665, 0.0], [2.0, 1.3333333333333333, 0.0], [2.333333333333333, 1.0, 0.0], [2.6666666666666665, 0.6666666666666666, 0.0], [3.0, 0.0, 0.0], [3.0, 0.3333333333333333, 0.0], [0.0, 3.333333333333333, 0.0], [0.3333333333333333, 3.333333333333333, 0.0], [0.6666666666666666, 3.0, 0.0], [1.0, 2.6666666666666665, 0.0], [1.3333333333333333, 2.333333333333333, 0.0], [1.6666666666666665, 2.0, 0.0], [2.0, 1.6666666666666665, 0.0], [2.333333333333333, 1.3333333333333333, 0.0], [2.6666666666666665, 1.0, 0.0], [3.0, 0.6666666666666666, 0.0], [3.333333333333333, 0.0, 0.0], [3.333333333333333, 0.3333333333333333, 0.0], [0.0, 3.6666666666666665, 0.0], [0.3333333333333333, 3.6666666666666665, 0.0], [0.6666666666666666, 3.333333333333333, 0.0], [1.0, 3.0, 0.0], [1.3333333333333333, 2.6666666666666665, 0.0], [1.6666666666666665, 2.333333333333333, 0.0], [2.0, 2.0, 0.0], [2.333333333333333, 1.6666666666666665, 0.0], [2.6666666666666665, 1.3333333333333333, 0.0], [3.0, 1.0, 0.0], [3.333333333333333, 0.6666666666666666, 0.0], [3.6666666666666665, 0.0, 0.0], [3.6666666666666665, 0.3333333333333333, 0.0], [0.0, 4.0, 0.0], [0.3333333333333333, 4.0, 0.0], [0.6666666666666666, 3.6666666666666665, 0.0], [1.0, 3.333333333333333, 0.0], [1.3333333333333333, 3.0, 0.0], [1.6666666666666665, 2.6666666666666665, 0.0], [2.0, 2.333333333333333, 0.0], [2.333333333333333, 2.0, 0.0], [2.6666666666666665, 1.6666666666666665, 0.0], [3.0, 1.3333333333333333, 0.0], [3.333333333333333, 1.0, 0.0], [3.6666666666666665, 0.6666666666666666, 0.0], [4.0, 0.0, 0.0], [4.0, 0.3333333333333333, 0.0], [0.6666666666666666, 4.0, 0.0], [1.0, 3.6666666666666665, 0.0], [1.3333333333333333, 3.333333333333333, 0.0], [1.6666666666666665, 3.0, 0.0], [2.0, 2.6666666666666665, 0.0], [2.333333333333333, 2.333333333333333, 0.0], [2.6666666666666665, 2.0, 0.0], [3.0, 1.6666666666666665, 0.0], [3.333333333333333, 1.3333333333333333, 0.0], [3.6666666666666665, 1.0, 0.0], [4.0, 0.6666666666666666, 0.0], [1.0, 4.0, 0.0], [1.3333333333333333, 3.6666666666666665, 0.0], [1.6666666666666665, 3.333333333333333, 0.0], [2.0, 3.0, 0.0], [2.333333333333333, 2.6666666666666665, 0.0], [2.6666666666666665, 2.333333333333333, 0.0], [3.0, 2.0, 0.0], [3.333333333333333, 1.6666666666666665, 0.0], [3.6666666666666665, 1.3333333333333333, 0.0], [4.0, 1.0, 0.0], [1.3333333333333333, 4.0, 0.0], [1.6666666666666665, 3.6666666666666665, 0.0], [2.0, 3.333333333333333, 0.0], [2.333333333333333, 3.0, 0.0], [2.6666666666666665, 2.6666666666666665, 0.0], [3.0, 2.333333333333333, 0.0], [3.333333333333333, 2.0, 0.0], [3.6666666666666665, 1.6666666666666665, 0.0], [4.0, 1.3333333333333333, 0.0], [1.6666666666666665, 4.0, 0.0], [2.0, 3.6666666666666665, 0.0], [2.333333333333333, 3.333333333333333, 0.0], [2.6666666666666665, 3.0, 0.0], [3.0, 2.6666666666666665, 0.0], [3.333333333333333, 2.333333333333333, 0.0], [3.6666666666666665, 2.0, 0.0], [4.0, 1.6666666666666665, 0.0], [2.0, 4.0, 0.0], [2.333333333333333, 3.6666666666666665, 0.0], [2.6666666666666665, 3.333333333333333, 0.0], [3.0, 3.0, 0.0], [3.333333333333333, 2.6666666666666665, 0.0], [3.6666666666666665, 2.333333333333333, 0.0], [4.0, 2.0, 0.0], [2.333333333333333, 4.0, 0.0], [2.6666666666666665, 3.6666666666666665, 0.0], [3.0, 3.333333333333333, 0.0], [3.333333333333333, 3.0, 0.0], [3.6666666666666665, 2.6666666666666665, 0.0], [4.0, 2.333333333333333, 0.0], [2.6666666666666665, 4.0, 0.0], [3.0, 3.6666666666666665, 0.0], [3.333333333333333, 3.333333333333333, 0.0], [3.6666666666666665, 3.0, 0.0], [4.0, 2.6666666666666665, 0.0], [3.0, 4.0, 0.0], [3.333333333333333, 3.6666666666666665, 0.0], [3.6666666666666665, 3.333333333333333, 0.0], [4.0, 3.0, 0.0], [3.333333333333333, 4.0, 0.0], [3.6666666666666665, 3.6666666666666665, 0.0], [4.0, 3.333333333333333, 0.0], [3.6666666666666665, 4.0, 0.0], [4.0, 3.6666666666666665, 0.0], [4.0, 4.0, 0.0]],