{"global_mesh_x": 24, "global_mesh_y": 24, "sub_x0": 0.0, "sub_x1": 4.0, "sub_y0": 0.0, "sub_y1": 4.0, "sub_mesh_x": 4, "sub_mesh_y": 4, "L2_norm": 8.625834406902753e-18, "H1_norm": 1.0031686021118938e-17, "Relative_L2_norm": 2.526426105038815e-16, "coords": [[0.0, 0.0, 0.0], [0.0, 1.0, 0.0], [1.0, 0.0, 0.0], [1.0, 1.0, 0.0], [0.0, 2.0, 0.0], [1.0, 2.0, 0.0], [2.0, 0.0, 0.0], [2.0, 1.0, 0.0], [0.0, 3.0, 0.0], [1.0, 3.0, 0.0], [2.0, 2.0, 0.0], [3.0, 0.0, 0.0], [3.0, 1.0, 0.0], [0.0, 4.0, 0.0], [1.0, 4.0, 0.0], [2.0, 3.0, 0.0], [3.0, 2.0, 0.0], [4.0, 0.0, 0.0], [4.0, 1.0, 0.0], [2.0, 4.0, 0.0], [3.0, 3.0, 0.0], [4.0, 2.0, 0.0], [3.0, 4.0, 0.0], [4.0, 3.0, 0.0], [4.0, 4.0, 0.0]], "u_values": [0.0085356092443185, 0.0085356092443185, 0.0085356092443185, 0.008535609244318499, 0.0085356092443185, 0.008535609244318497, 0.0085356092443185, 0.008535609244318499, 0.0085356092443185, 0.008535609244318497, 0.008535609244318496, 0.0085356092443185, 0.008535609244318499, 0.0085356092443185, 0.0085356092443185, 0.008535609244318499, 0.008535609244318499, 0.0085356092443185, 0.0085356092443185, 0.0085356092443185, 0.008535609244318499, 0.0085356092443185, 0.0085356092443185, 0.0085356092443185, 0.0085356092443185]}