{"global_mesh_x": 4, "global_mesh_y": 4, "sub_x0": 0.0, "sub_x1": 4.0, "sub_y0": 0.0, "sub_y1": 4.0, "sub_mesh_x": 3, "sub_mesh_y": 3, "L2_norm": 1.0459203332212413e-16, "H1_norm": 1.441015949400809e-16, "Relative_L2_norm": 9.701888181603463e-17, "coords": [[0.0, 0.0, 0.0], [0.0, 1.3333333333333333, 0.0], [1.3333333333333333, 0.0, 0.0], [1.3333333333333333, 1.3333333333333333, 0.0], [0.0, 2.6666666666666665, 0.0], [1.3333333333333333, 2.6666666666666665, 0.0], [2.6666666666666665, 0.0, 0.0], [2.6666666666666665, 1.3333333333333333, 0.0], [0.0, 4.0, 0.0], [1.3333333333333333, 4.0, 0.0], [2.6666666666666665, 2.6666666666666665, 0.0], [4.0, 0.0, 0.0], [4.0, 1.3333333333333333, 0.0], [2.6666666666666665, 4.0, 0.0], [4.0, 2.6666666666666665, 0.0], [4.0, 4.0, 0.0]], "u_values": [0.2695146330392923, 0.2695146330392923, 0.2695146330392923, 0.26951463303929224, 0.2695146330392923, 0.2695146330392923, 0.2695146330392923, 0.26951463303929224, 0.2695146330392923, 0.2695146330392923, 0.26951463303929224, 0.2695146330392923, 0.2695146330392923, 0.2695146330392923, 0.2695146330392923, 0.2695146330392923]}