{"global_mesh_x": 24, "global_mesh_y": 24, "sub_x0": 0.0, "sub_x1": 4.0, "sub_y0": 0.0, "sub_y1": 4.0, "sub_mesh_x": 3, "sub_mesh_y": 3, "L2_norm": 6.947217487968561e-18, "H1_norm": 7.7766684473583e-18, "Relative_L2_norm": 2.034774932027492e-16, "coords": [[0.0, 0.0, 0.0], [0.0, 1.3333333333333333, 0.0], [1.3333333333333333, 0.0, 0.0], [1.3333333333333333, 1.3333333333333333, 0.0], [0.0, 2.6666666666666665, 0.0], [1.3333333333333333, 2.6666666666666665, 0.0], [2.6666666666666665, 0.0, 0.0], [2.6666666666666665, 1.3333333333333333, 0.0], [0.0, 4.0, 0.0], [1.3333333333333333, 4.0, 0.0], [2.6666666666666665, 2.6666666666666665, 0.0], [4.0, 0.0, 0.0], [4.0, 1.3333333333333333, 0.0], [2.6666666666666665, 4.0, 0.0], [4.0, 2.6666666666666665, 0.0], [4.0, 4.0, 0.0]], "u_values": [0.0085356092443185, 0.0085356092443185, 0.0085356092443185, 0.008535609244318499, 0.0085356092443185, 0.0085356092443185, 0.0085356092443185, 0.008535609244318497, 0.0085356092443185, 0.0085356092443185, 0.008535609244318497, 0.0085356092443185, 0.0085356092443185, 0.0085356092443185, 0.0085356092443185, 0.0085356092443185]}