{"global_mesh_x": 96, "global_mesh_y": 96, "sub_x0": 0.0, "sub_x1": 4.0, "sub_y0": 0.0, "sub_y1": 4.0, "sub_mesh_x": 6, "sub_mesh_y": 6, "L2_norm": 6.453574161767941e-19, "H1_norm": 1.1647269410783953e-18, "Relative_L2_norm": 3.0137956536433487e-16, "coords": [[0.0, 0.0, 0.0], [0.0, 0.6666666666666666, 0.0], [0.6666666666666666, 0.0, 0.0], [0.6666666666666666, 0.6666666666666666, 0.0], [0.0, 1.3333333333333333, 0.0], [0.6666666666666666, 1.3333333333333333, 0.0], [1.3333333333333333, 0.0, 0.0], [1.3333333333333333, 0.6666666666666666, 0.0], [0.0, 2.0, 0.0], [0.6666666666666666, 2.0, 0.0], [1.3333333333333333, 1.3333333333333333, 0.0], [2.0, 0.0, 0.0], [2.0, 0.6666666666666666, 0.0], [0.0, 2.6666666666666665, 0.0], [0.6666666666666666, 2.6666666666666665, 0.0], [1.3333333333333333, 2.0, 0.0], [2.0, 1.3333333333333333, 0.0], [2.6666666666666665, 0.0, 0.0], [2.6666666666666665, 0.6666666666666666, 0.0], [0.0, 3.333333333333333, 0.0], [0.6666666666666666, 3.333333333333333, 0.0], [1.3333333333333333, 2.6666666666666665, 0.0], [2.0, 2.0, 0.0], [2.6666666666666665, 1.3333333333333333, 0.0], [3.333333333333333, 0.0, 0.0], [3.333333333333333, 0.6666666666666666, 0.0], [0.0, 4.0, 0.0], [0.6666666666666666, 4.0, 0.0], [1.3333333333333333, 3.333333333333333, 0.0], [2.0, 2.6666666666666665, 0.0], [2.6666666666666665, 2.0, 0.0], [3.333333333333333, 1.3333333333333333, 0.0], [4.0, 0.0, 0.0], [4.0, 0.6666666666666666, 0.0], [1.3333333333333333, 4.0, 0.0], [2.0, 3.333333333333333, 0.0], [2.6666666666666665, 2.6666666666666665, 0.0], [3.333333333333333, 2.0, 0.0], [4.0, 1.3333333333333333, 0.0], [2.0, 4.0, 0.0], [2.6666666666666665, 3.333333333333333, 0.0], [3.333333333333333, 2.6666666666666665, 0.0], [4.0, 2.0, 0.0], [2.6666666666666665, 4.0, 0.0], [3.333333333333333, 3.333333333333333, 0.0], [4.0, 2.6666666666666665, 0.0], [3.333333333333333, 4.0, 0.0], [4.0, 3.333333333333333, 0.0], [4.0, 4.0, 0.0]], "u_values": [0.0005353360764495, 0.0005353360764495, 0.0005353360764495, 0.0005353360764494997, 0.0005353360764495, 0.0005353360764494997, 0.0005353360764495, 0.0005353360764494998, 0.0005353360764495, 0.0005353360764495, 0.0005353360764494997, 0.0005353360764495, 0.0005353360764494997, 0.0005353360764495, 0.0005353360764494999, 0.0005353360764494998, 0.0005353360764494997, 0.0005353360764495, 0.0005353360764494998, 0.0005353360764495, 0.0005353360764495, 0.0005353360764494999, 0.0005353360764494999, 0.0005353360764494997, 0.0005353360764495, 0.0005353360764495, 0.0005353360764495, 0.0005353360764495, 0.0005353360764495, 0.0005353360764494998, 0.0005353360764494998, 0.0005353360764495, 0.0005353360764495, 0.0005353360764495, 0.0005353360764495, 0.0005353360764495, 0.0005353360764494998, 0.0005353360764495, 0.0005353360764495, 0.0005353360764495, 0.0005353360764495001, 0.0005353360764495001, 0.0005353360764495, 0.0005353360764495, 0.0005353360764495, 0.0005353360764495, 0.0005353360764495, 0.0005353360764495, 0.0005353360764495]}