{"global_mesh_x": 48, "global_mesh_y": 48, "sub_x0": 0.0, "sub_x1": 4.0, "sub_y0": 0.0, "sub_y1": 4.0, "sub_mesh_x": 3, "sub_mesh_y": 3, "L2_norm": 1.6537103060689397e-18, "H1_norm": 1.938722049896339e-18, "Relative_L2_norm": 1.9320362680739573e-16, "coords": [[0.0, 0.0, 0.0], [0.0, 1.3333333333333333, 0.0], [1.3333333333333333, 0.0, 0.0], [1.3333333333333333, 1.3333333333333333, 0.0], [0.0, 2.6666666666666665, 0.0], [1.3333333333333333, 2.6666666666666665, 0.0], [2.6666666666666665, 0.0, 0.0], [2.6666666666666665, 1.3333333333333333, 0.0], [0.0, 4.0, 0.0], [1.3333333333333333, 4.0, 0.0], [2.6666666666666665, 2.6666666666666665, 0.0], [4.0, 0.0, 0.0], [4.0, 1.3333333333333333, 0.0], [2.6666666666666665, 4.0, 0.0], [4.0, 2.6666666666666665, 0.0], [4.0, 4.0, 0.0]], "u_values": [0.0021398541184187, 0.0021398541184187, 0.0021398541184187, 0.002139854118418699, 0.0021398541184187, 0.0021398541184186994, 0.0021398541184187, 0.002139854118418699, 0.0021398541184187, 0.0021398541184187, 0.0021398541184186994, 0.0021398541184187, 0.0021398541184187, 0.0021398541184187, 0.0021398541184187, 0.0021398541184187]}