{"global_mesh_x": 6, "global_mesh_y": 6, "sub_x0": 0.0, "sub_x1": 4.0, "sub_y0": 0.0, "sub_y1": 4.0, "sub_mesh_x": 3, "sub_mesh_y": 3, "L2_norm": 5.775039666719803e-17, "H1_norm": 1.067978703677807e-16, "Relative_L2_norm": 1.1179687186695035e-16, "coords": [[0.0, 0.0, 0.0], [0.0, 1.3333333333333333, 0.0], [1.3333333333333333, 0.0, 0.0], [1.3333333333333333, 1.3333333333333333, 0.0], [0.0, 2.6666666666666665, 0.0], [1.3333333333333333, 2.6666666666666665, 0.0], [2.6666666666666665, 0.0, 0.0], [2.6666666666666665, 1.3333333333333333, 0.0], [0.0, 4.0, 0.0], [1.3333333333333333, 4.0, 0.0], [2.6666666666666665, 2.6666666666666665, 0.0], [4.0, 0.0, 0.0], [4.0, 1.3333333333333333, 0.0], [2.6666666666666665, 4.0, 0.0], [4.0, 2.6666666666666665, 0.0], [4.0, 4.0, 0.0]], "u_values": [0.129141351861631, 0.129141351861631, 0.129141351861631, 0.12914135186163098, 0.129141351861631, 0.12914135186163098, 0.129141351861631, 0.129141351861631, 0.129141351861631, 0.129141351861631, 0.12914135186163095, 0.129141351861631, 0.129141351861631, 0.129141351861631, 0.129141351861631, 0.129141351861631]}