{"global_mesh_x": 6, "global_mesh_y": 6, "sub_x0": 0.0, "sub_x1": 4.0, "sub_y0": 0.0, "sub_y1": 4.0, "sub_mesh_x": 4, "sub_mesh_y": 4, "L2_norm": 4.388541835720874e-17, "H1_norm": 7.341158093862702e-17, "Relative_L2_norm": 8.495616958584644e-17, "coords": [[0.0, 0.0, 0.0], [0.0, 1.0, 0.0], [1.0, 0.0, 0.0], [1.0, 1.0, 0.0], [0.0, 2.0, 0.0], [1.0, 2.0, 0.0], [2.0, 0.0, 0.0], [2.0, 1.0, 0.0], [0.0, 3.0, 0.0], [1.0, 3.0, 0.0], [2.0, 2.0, 0.0], [3.0, 0.0, 0.0], [3.0, 1.0, 0.0], [0.0, 4.0, 0.0], [1.0, 4.0, 0.0], [2.0, 3.0, 0.0], [3.0, 2.0, 0.0], [4.0, 0.0, 0.0], [4.0, 1.0, 0.0], [2.0, 4.0, 0.0], [3.0, 3.0, 0.0], [4.0, 2.0, 0.0], [3.0, 4.0, 0.0], [4.0, 3.0, 0.0], [4.0, 4.0, 0.0]], "u_values": [0.129141351861631, 0.129141351861631, 0.129141351861631, 0.129141351861631, 0.129141351861631, 0.129141351861631, 0.129141351861631, 0.129141351861631, 0.129141351861631, 0.129141351861631, 0.12914135186163098, 0.129141351861631, 0.12914135186163103, 0.129141351861631, 0.129141351861631, 0.129141351861631, 0.12914135186163103, 0.129141351861631, 0.129141351861631, 0.129141351861631, 0.129141351861631, 0.129141351861631, 0.129141351861631, 0.129141351861631, 0.129141351861631]}