{"global_mesh_x": 4, "global_mesh_y": 4, "sub_x0": 0.0, "sub_x1": 4.0, "sub_y0": 0.0, "sub_y1": 4.0, "sub_mesh_x": 8, "sub_mesh_y": 8, "L2_norm": 9.085604583404676e-16, "H1_norm": 1.2014551694521762e-15, "Relative_L2_norm": 8.427747021513396e-16, "coords": [[0.0, 0.0, 0.0], [0.0, 0.5, 0.0], [0.5, 0.0, 0.0], [0.5, 0.5, 0.0], [0.0, 1.0, 0.0], [0.5, 1.0, 0.0], [1.0, 0.0, 0.0], [1.0, 0.5, 0.0], [0.0, 1.5, 0.0], [0.5, 1.5, 0.0], [1.0, 1.0, 0.0], [1.5, 0.0, 0.0], [1.5, 0.5, 0.0], [0.0, 2.0, 0.0], [0.5, 2.0, 0.0], [1.0, 1.5, 0.0], [1.5, 1.0, 0.0], [2.0, 0.0, 0.0], [2.0, 0.5, 0.0], [0.0, 2.5, 0.0], [0.5, 2.5, 0.0], [1.0, 2.0, 0.0], [1.5, 1.5, 0.0], [2.0, 1.0, 0.0], [2.5, 0.0, 0.0], [2.5, 0.5, 0.0], [0.0, 3.0, 0.0], [0.5, 3.0, 0.0], [1.0, 2.5, 0.0], [1.5, 2.0, 0.0], [2.0, 1.5, 0.0], [2.5, 1.0, 0.0], [3.0, 0.0, 0.0], [3.0, 0.5, 0.0], [0.0, 3.5, 0.0], [0.5, 3.5, 0.0], [1.0, 3.0, 0.0], [1.5, 2.5, 0.0], [2.0, 2.0, 0.0], [2.5, 1.5, 0.0], [3.0, 1.0, 0.0], [3.5, 0.0, 0.0], [3.5, 0.5, 0.0], [0.0, 4.0, 0.0], [0.5, 4.0, 0.0], [1.0, 3.5, 0.0], [1.5, 3.0, 0.0], [2.0, 2.5, 0.0], [2.5, 2.0, 0.0], [3.0, 1.5, 0.0], [3.5, 1.0, 0.0], [4.0, 0.0, 0.0], [4.0, 0.5, 0.0], [1.0, 4.0, 0.0], [1.5, 3.5, 0.0], [2.0, 3.0, 0.0], [2.5, 2.5, 0.0], [3.0, 2.0, 0.0], [3.5, 1.5, 0.0], [4.0, 1.0, 0.0], [1.5, 4.0, 0.0], [2.0, 3.5, 0.0], [2.5, 3.0, 0.0], [3.0, 2.5, 0.0], [3.5, 2.0, 0.0], [4.0, 1.5, 0.0], [2.0, 4.0, 0.0], [2.5, 3.5, 0.0], [3.0, 3.0, 0.0], [3.5, 2.5, 0.0], [4.0, 2.0, 0.0], [2.5, 4.0, 0.0], [3.0, 3.5, 0.0], [3.5, 3.0, 0.0], [4.0, 2.5, 0.0], [3.0, 4.0, 0.0], [3.5, 3.5, 0.0], [4.0, 3.0, 0.0], [3.5, 4.0, 0.0], [4.0, 3.5, 0.0], [4.0, 4.0, 0.0]], "u_values": [0.2695146330392923, 0.2695146330392923, 0.2695146330392923, 0.26951463303929224, 0.2695146330392923, 0.2695146330392921, 0.2695146330392923, 0.2695146330392921, 0.2695146330392923, 0.269514633039292, 0.26951463303929196, 0.2695146330392923, 0.26951463303929213, 0.2695146330392923, 0.26951463303929213, 0.2695146330392919, 0.26951463303929185, 0.2695146330392923, 0.2695146330392921, 0.2695146330392923, 0.26951463303929213, 0.2695146330392919, 0.26951463303929185, 0.2695146330392919, 0.2695146330392923, 0.2695146330392921, 0.2695146330392923, 0.2695146330392922, 0.26951463303929196, 0.26951463303929185, 0.26951463303929174, 0.26951463303929196, 0.2695146330392923, 0.26951463303929213, 0.2695146330392923, 0.2695146330392922, 0.26951463303929196, 0.2695146330392919, 0.26951463303929185, 0.2695146330392919, 0.269514633039292, 0.2695146330392923, 0.26951463303929224, 0.2695146330392923, 0.2695146330392923, 0.2695146330392923, 0.269514633039292, 0.26951463303929185, 0.2695146330392919, 0.269514633039292, 0.26951463303929213, 0.2695146330392923, 0.2695146330392923, 0.2695146330392923, 0.26951463303929224, 0.26951463303929196, 0.2695146330392921, 0.2695146330392921, 0.2695146330392921, 0.2695146330392923, 0.2695146330392923, 0.26951463303929213, 0.269514633039292, 0.26951463303929213, 0.2695146330392922, 0.2695146330392923, 0.2695146330392923, 0.26951463303929213, 0.2695146330392922, 0.2695146330392923, 0.2695146330392923, 0.2695146330392923, 0.26951463303929224, 0.26951463303929224, 0.2695146330392923, 0.2695146330392923, 0.26951463303929224, 0.2695146330392923, 0.2695146330392923, 0.2695146330392923, 0.2695146330392923]}