{"global_mesh_x": 3, "global_mesh_y": 3, "sub_x0": 0.0, "sub_x1": 4.0, "sub_y0": 0.0, "sub_y1": 4.0, "sub_mesh_x": 8, "sub_mesh_y": 8, "L2_norm": 1.4784458365289824e-15, "H1_norm": 2.0085324632837616e-15, "Relative_L2_norm": 8.58087412129221e-16, "coords": [[0.0, 0.0, 0.0], [0.0, 0.5, 0.0], [0.5, 0.0, 0.0], [0.5, 0.5, 0.0], [0.0, 1.0, 0.0], [0.5, 1.0, 0.0], [1.0, 0.0, 0.0], [1.0, 0.5, 0.0], [0.0, 1.5, 0.0], [0.5, 1.5, 0.0], [1.0, 1.0, 0.0], [1.5, 0.0, 0.0], [1.5, 0.5, 0.0], [0.0, 2.0, 0.0], [0.5, 2.0, 0.0], [1.0, 1.5, 0.0], [1.5, 1.0, 0.0], [2.0, 0.0, 0.0], [2.0, 0.5, 0.0], [0.0, 2.5, 0.0], [0.5, 2.5, 0.0], [1.0, 2.0, 0.0], [1.5, 1.5, 0.0], [2.0, 1.0, 0.0], [2.5, 0.0, 0.0], [2.5, 0.5, 0.0], [0.0, 3.0, 0.0], [0.5, 3.0, 0.0], [1.0, 2.5, 0.0], [1.5, 2.0, 0.0], [2.0, 1.5, 0.0], [2.5, 1.0, 0.0], [3.0, 0.0, 0.0], [3.0, 0.5, 0.0], [0.0, 3.5, 0.0], [0.5, 3.5, 0.0], [1.0, 3.0, 0.0], [1.5, 2.5, 0.0], [2.0, 2.0, 0.0], [2.5, 1.5, 0.0], [3.0, 1.0, 0.0], [3.5, 0.0, 0.0], [3.5, 0.5, 0.0], [0.0, 4.0, 0.0], [0.5, 4.0, 0.0], [1.0, 3.5, 0.0], [1.5, 3.0, 0.0], [2.0, 2.5, 0.0], [2.5, 2.0, 0.0], [3.0, 1.5, 0.0], [3.5, 1.0, 0.0], [4.0, 0.0, 0.0], [4.0, 0.5, 0.0], [1.0, 4.0, 0.0], [1.5, 3.5, 0.0], [2.0, 3.0, 0.0], [2.5, 2.5, 0.0], [3.0, 2.0, 0.0], [3.5, 1.5, 0.0], [4.0, 1.0, 0.0], [1.5, 4.0, 0.0], [2.0, 3.5, 0.0], [2.5, 3.0, 0.0], [3.0, 2.5, 0.0], [3.5, 2.0, 0.0], [4.0, 1.5, 0.0], [2.0, 4.0, 0.0], [2.5, 3.5, 0.0], [3.0, 3.0, 0.0], [3.5, 2.5, 0.0], [4.0, 2.0, 0.0], [2.5, 4.0, 0.0], [3.0, 3.5, 0.0], [3.5, 3.0, 0.0], [4.0, 2.5, 0.0], [3.0, 4.0, 0.0], [3.5, 3.5, 0.0], [4.0, 3.0, 0.0], [3.5, 4.0, 0.0], [4.0, 3.5, 0.0], [4.0, 4.0, 0.0]], "u_values": [0.4307387031993719, 0.4307387031993719, 0.4307387031993719, 0.43073870319937163, 0.4307387031993719, 0.4307387031993716, 0.4307387031993719, 0.43073870319937146, 0.4307387031993719, 0.4307387031993715, 0.4307387031993713, 0.4307387031993719, 0.4307387031993717, 0.4307387031993719, 0.43073870319937163, 0.4307387031993713, 0.4307387031993712, 0.4307387031993719, 0.43073870319937146, 0.4307387031993719, 0.43073870319937174, 0.43073870319937124, 0.43073870319937124, 0.4307387031993713, 0.4307387031993719, 0.4307387031993716, 0.4307387031993719, 0.43073870319937174, 0.43073870319937135, 0.43073870319937124, 0.43073870319937113, 0.4307387031993714, 0.4307387031993719, 0.4307387031993716, 0.4307387031993719, 0.43073870319937174, 0.4307387031993714, 0.4307387031993713, 0.4307387031993712, 0.43073870319937135, 0.4307387031993714, 0.4307387031993719, 0.43073870319937174, 0.4307387031993719, 0.4307387031993719, 0.4307387031993718, 0.4307387031993715, 0.4307387031993712, 0.4307387031993713, 0.43073870319937135, 0.4307387031993717, 0.4307387031993719, 0.4307387031993719, 0.4307387031993719, 0.43073870319937163, 0.43073870319937146, 0.43073870319937146, 0.43073870319937146, 0.4307387031993714, 0.4307387031993719, 0.4307387031993719, 0.43073870319937163, 0.43073870319937146, 0.4307387031993716, 0.4307387031993717, 0.4307387031993719, 0.4307387031993719, 0.43073870319937163, 0.4307387031993716, 0.43073870319937185, 0.4307387031993719, 0.4307387031993719, 0.43073870319937174, 0.43073870319937185, 0.4307387031993719, 0.4307387031993719, 0.43073870319937196, 0.4307387031993719, 0.4307387031993719, 0.4307387031993719, 0.4307387031993719]}