{"global_mesh_x": 20, "global_mesh_y": 20, "sub_x0": 0.0, "sub_x1": 4.0, "sub_y0": 0.0, "sub_y1": 4.0, "sub_mesh_x": 6, "sub_mesh_y": 6, "L2_norm": 8.430342738953976e-18, "H1_norm": 1.8063457517372287e-17, "Relative_L2_norm": 1.7175053159846482e-16, "coords": [[0.0, 0.0, 0.0], [0.0, 0.6666666666666666, 0.0], [0.6666666666666666, 0.0, 0.0], [0.6666666666666666, 0.6666666666666666, 0.0], [0.0, 1.3333333333333333, 0.0], [0.6666666666666666, 1.3333333333333333, 0.0], [1.3333333333333333, 0.0, 0.0], [1.3333333333333333, 0.6666666666666666, 0.0], [0.0, 2.0, 0.0], [0.6666666666666666, 2.0, 0.0], [1.3333333333333333, 1.3333333333333333, 0.0], [2.0, 0.0, 0.0], [2.0, 0.6666666666666666, 0.0], [0.0, 2.6666666666666665, 0.0], [0.6666666666666666, 2.6666666666666665, 0.0], [1.3333333333333333, 2.0, 0.0], [2.0, 1.3333333333333333, 0.0], [2.6666666666666665, 0.0, 0.0], [2.6666666666666665, 0.6666666666666666, 0.0], [0.0, 3.333333333333333, 0.0], [0.6666666666666666, 3.333333333333333, 0.0], [1.3333333333333333, 2.6666666666666665, 0.0], [2.0, 2.0, 0.0], [2.6666666666666665, 1.3333333333333333, 0.0], [3.333333333333333, 0.0, 0.0], [3.333333333333333, 0.6666666666666666, 0.0], [0.0, 4.0, 0.0], [0.6666666666666666, 4.0, 0.0], [1.3333333333333333, 3.333333333333333, 0.0], [2.0, 2.6666666666666665, 0.0], [2.6666666666666665, 2.0, 0.0], [3.333333333333333, 1.3333333333333333, 0.0], [4.0, 0.0, 0.0], [4.0, 0.6666666666666666, 0.0], [1.3333333333333333, 4.0, 0.0], [2.0, 3.333333333333333, 0.0], [2.6666666666666665, 2.6666666666666665, 0.0], [3.333333333333333, 2.0, 0.0], [4.0, 1.3333333333333333, 0.0], [2.0, 4.0, 0.0], [2.6666666666666665, 3.333333333333333, 0.0], [3.333333333333333, 2.6666666666666665, 0.0], [4.0, 2.0, 0.0], [2.6666666666666665, 4.0, 0.0], [3.333333333333333, 3.333333333333333, 0.0], [4.0, 2.6666666666666665, 0.0], [3.333333333333333, 4.0, 0.0], [4.0, 3.333333333333333, 0.0], [4.0, 4.0, 0.0]], "u_values": [0.0122712032686211, 0.0122712032686211, 0.0122712032686211, 0.012271203268621097, 0.0122712032686211, 0.012271203268621099, 0.0122712032686211, 0.012271203268621095, 0.0122712032686211, 0.012271203268621104, 0.012271203268621095, 0.0122712032686211, 0.012271203268621095, 0.0122712032686211, 0.0122712032686211, 0.012271203268621097, 0.012271203268621095, 0.0122712032686211, 0.0122712032686211, 0.0122712032686211, 0.012271203268621099, 0.0122712032686211, 0.012271203268621097, 0.012271203268621099, 0.0122712032686211, 0.0122712032686211, 0.0122712032686211, 0.0122712032686211, 0.012271203268621102, 0.012271203268621097, 0.0122712032686211, 0.012271203268621099, 0.0122712032686211, 0.0122712032686211, 0.0122712032686211, 0.0122712032686211, 0.012271203268621097, 0.0122712032686211, 0.0122712032686211, 0.0122712032686211, 0.012271203268621104, 0.0122712032686211, 0.0122712032686211, 0.0122712032686211, 0.0122712032686211, 0.0122712032686211, 0.0122712032686211, 0.0122712032686211, 0.0122712032686211]}