{"global_mesh_x": 8, "global_mesh_y": 8, "sub_x0": 0.0, "sub_x1": 4.0, "sub_y0": 0.0, "sub_y1": 4.0, "sub_mesh_x": 6, "sub_mesh_y": 6, "L2_norm": 7.849789213956626e-17, "H1_norm": 1.378896035176707e-16, "Relative_L2_norm": 2.631797269756412e-16, "coords": [[0.0, 0.0, 0.0], [0.0, 0.6666666666666666, 0.0], [0.6666666666666666, 0.0, 0.0], [0.6666666666666666, 0.6666666666666666, 0.0], [0.0, 1.3333333333333333, 0.0], [0.6666666666666666, 1.3333333333333333, 0.0], [1.3333333333333333, 0.0, 0.0], [1.3333333333333333, 0.6666666666666666, 0.0], [0.0, 2.0, 0.0], [0.6666666666666666, 2.0, 0.0], [1.3333333333333333, 1.3333333333333333, 0.0], [2.0, 0.0, 0.0], [2.0, 0.6666666666666666, 0.0], [0.0, 2.6666666666666665, 0.0], [0.6666666666666666, 2.6666666666666665, 0.0], [1.3333333333333333, 2.0, 0.0], [2.0, 1.3333333333333333, 0.0], [2.6666666666666665, 0.0, 0.0], [2.6666666666666665, 0.6666666666666666, 0.0], [0.0, 3.333333333333333, 0.0], [0.6666666666666666, 3.333333333333333, 0.0], [1.3333333333333333, 2.6666666666666665, 0.0], [2.0, 2.0, 0.0], [2.6666666666666665, 1.3333333333333333, 0.0], [3.333333333333333, 0.0, 0.0], [3.333333333333333, 0.6666666666666666, 0.0], [0.0, 4.0, 0.0], [0.6666666666666666, 4.0, 0.0], [1.3333333333333333, 3.333333333333333, 0.0], [2.0, 2.6666666666666665, 0.0], [2.6666666666666665, 2.0, 0.0], [3.333333333333333, 1.3333333333333333, 0.0], [4.0, 0.0, 0.0], [4.0, 0.6666666666666666, 0.0], [1.3333333333333333, 4.0, 0.0], [2.0, 3.333333333333333, 0.0], [2.6666666666666665, 2.6666666666666665, 0.0], [3.333333333333333, 2.0, 0.0], [4.0, 1.3333333333333333, 0.0], [2.0, 4.0, 0.0], [2.6666666666666665, 3.333333333333333, 0.0], [3.333333333333333, 2.6666666666666665, 0.0], [4.0, 2.0, 0.0], [2.6666666666666665, 4.0, 0.0], [3.333333333333333, 3.333333333333333, 0.0], [4.0, 2.6666666666666665, 0.0], [3.333333333333333, 4.0, 0.0], [4.0, 3.333333333333333, 0.0], [4.0, 4.0, 0.0]], "u_values": [0.0745668112829524, 0.0745668112829524, 0.0745668112829524, 0.07456681128295237, 0.0745668112829524, 0.07456681128295235, 0.0745668112829524, 0.07456681128295238, 0.0745668112829524, 0.0745668112829524, 0.07456681128295237, 0.0745668112829524, 0.07456681128295235, 0.0745668112829524, 0.07456681128295238, 0.07456681128295238, 0.07456681128295234, 0.0745668112829524, 0.07456681128295237, 0.0745668112829524, 0.07456681128295238, 0.0745668112829524, 0.07456681128295238, 0.07456681128295237, 0.0745668112829524, 0.07456681128295238, 0.0745668112829524, 0.0745668112829524, 0.0745668112829524, 0.07456681128295237, 0.07456681128295238, 0.07456681128295238, 0.0745668112829524, 0.0745668112829524, 0.0745668112829524, 0.07456681128295238, 0.07456681128295235, 0.07456681128295238, 0.0745668112829524, 0.0745668112829524, 0.0745668112829524, 0.0745668112829524, 0.0745668112829524, 0.0745668112829524, 0.07456681128295238, 0.0745668112829524, 0.0745668112829524, 0.0745668112829524, 0.0745668112829524]}