{"global_mesh_x": 96, "global_mesh_y": 96, "sub_x0": 0.0, "sub_x1": 4.0, "sub_y0": 0.0, "sub_y1": 4.0, "sub_mesh_x": 4, "sub_mesh_y": 4, "L2_norm": 3.981335629054751e-19, "H1_norm": 5.932488795686635e-19, "Relative_L2_norm": 1.859269253559416e-16, "coords": [[0.0, 0.0, 0.0], [0.0, 1.0, 0.0], [1.0, 0.0, 0.0], [1.0, 1.0, 0.0], [0.0, 2.0, 0.0], [1.0, 2.0, 0.0], [2.0, 0.0, 0.0], [2.0, 1.0, 0.0], [0.0, 3.0, 0.0], [1.0, 3.0, 0.0], [2.0, 2.0, 0.0], [3.0, 0.0, 0.0], [3.0, 1.0, 0.0], [0.0, 4.0, 0.0], [1.0, 4.0, 0.0], [2.0, 3.0, 0.0], [3.0, 2.0, 0.0], [4.0, 0.0, 0.0], [4.0, 1.0, 0.0], [2.0, 4.0, 0.0], [3.0, 3.0, 0.0], [4.0, 2.0, 0.0], [3.0, 4.0, 0.0], [4.0, 3.0, 0.0], [4.0, 4.0, 0.0]], "u_values": [0.0005353360764495, 0.0005353360764495, 0.0005353360764495, 0.0005353360764494998, 0.0005353360764495, 0.0005353360764494999, 0.0005353360764495, 0.0005353360764494998, 0.0005353360764495, 0.0005353360764494999, 0.0005353360764494998, 0.0005353360764495, 0.0005353360764495, 0.0005353360764495, 0.0005353360764495, 0.0005353360764495, 0.0005353360764495, 0.0005353360764495, 0.0005353360764495, 0.0005353360764495, 0.0005353360764494999, 0.0005353360764495, 0.0005353360764495, 0.0005353360764495, 0.0005353360764495]}