{"global_mesh_x": 24, "global_mesh_y": 24, "sub_x0": 0.0, "sub_x1": 4.0, "sub_y0": 0.0, "sub_y1": 4.0, "sub_mesh_x": 8, "sub_mesh_y": 8, "L2_norm": 3.356127630840269e-17, "H1_norm": 4.072287029802239e-17, "Relative_L2_norm": 9.82978348345249e-16, "coords": [[0.0, 0.0, 0.0], [0.0, 0.5, 0.0], [0.5, 0.0, 0.0], [0.5, 0.5, 0.0], [0.0, 1.0, 0.0], [0.5, 1.0, 0.0], [1.0, 0.0, 0.0], [1.0, 0.5, 0.0], [0.0, 1.5, 0.0], [0.5, 1.5, 0.0], [1.0, 1.0, 0.0], [1.5, 0.0, 0.0], [1.5, 0.5, 0.0], [0.0, 2.0, 0.0], [0.5, 2.0, 0.0], [1.0, 1.5, 0.0], [1.5, 1.0, 0.0], [2.0, 0.0, 0.0], [2.0, 0.5, 0.0], [0.0, 2.5, 0.0], [0.5, 2.5, 0.0], [1.0, 2.0, 0.0], [1.5, 1.5, 0.0], [2.0, 1.0, 0.0], [2.5, 0.0, 0.0], [2.5, 0.5, 0.0], [0.0, 3.0, 0.0], [0.5, 3.0, 0.0], [1.0, 2.5, 0.0], [1.5, 2.0, 0.0], [2.0, 1.5, 0.0], [2.5, 1.0, 0.0], [3.0, 0.0, 0.0], [3.0, 0.5, 0.0], [0.0, 3.5, 0.0], [0.5, 3.5, 0.0], [1.0, 3.0, 0.0], [1.5, 2.5, 0.0], [2.0, 2.0, 0.0], [2.5, 1.5, 0.0], [3.0, 1.0, 0.0], [3.5, 0.0, 0.0], [3.5, 0.5, 0.0], [0.0, 4.0, 0.0], [0.5, 4.0, 0.0], [1.0, 3.5, 0.0], [1.5, 3.0, 0.0], [2.0, 2.5, 0.0], [2.5, 2.0, 0.0], [3.0, 1.5, 0.0], [3.5, 1.0, 0.0], [4.0, 0.0, 0.0], [4.0, 0.5, 0.0], [1.0, 4.0, 0.0], [1.5, 3.5, 0.0], [2.0, 3.0, 0.0], [2.5, 2.5, 0.0], [3.0, 2.0, 0.0], [3.5, 1.5, 0.0], [4.0, 1.0, 0.0], [1.5, 4.0, 0.0], [2.0, 3.5, 0.0], [2.5, 3.0, 0.0], [3.0, 2.5, 0.0], [3.5, 2.0, 0.0], [4.0, 1.5, 0.0], [2.0, 4.0, 0.0], [2.5, 3.5, 0.0], [3.0, 3.0, 0.0], [3.5, 2.5, 0.0], [4.0, 2.0, 0.0], [2.5, 4.0, 0.0], [3.0, 3.5, 0.0], [3.5, 3.0, 0.0], [4.0, 2.5, 0.0], [3.0, 4.0, 0.0], [3.5, 3.5, 0.0], [4.0, 3.0, 0.0], [3.5, 4.0, 0.0], [4.0, 3.5, 0.0], [4.0, 4.0, 0.0]], "u_values": [0.0085356092443185, 0.0085356092443185, 0.0085356092443185, 0.008535609244318499, 0.0085356092443185, 0.008535609244318494, 0.0085356092443185, 0.008535609244318494, 0.0085356092443185, 0.008535609244318492, 0.008535609244318492, 0.0085356092443185, 0.008535609244318494, 0.0085356092443185, 0.008535609244318496, 0.008535609244318489, 0.008535609244318489, 0.0085356092443185, 0.008535609244318492, 0.0085356092443185, 0.008535609244318496, 0.008535609244318487, 0.008535609244318489, 0.008535609244318487, 0.0085356092443185, 0.008535609244318492, 0.0085356092443185, 0.008535609244318499, 0.008535609244318489, 0.008535609244318487, 0.008535609244318485, 0.00853560924431849, 0.0085356092443185, 0.008535609244318494, 0.0085356092443185, 0.008535609244318497, 0.008535609244318492, 0.008535609244318487, 0.008535609244318483, 0.008535609244318487, 0.008535609244318492, 0.0085356092443185, 0.008535609244318497, 0.0085356092443185, 0.0085356092443185, 0.008535609244318496, 0.008535609244318489, 0.008535609244318487, 0.008535609244318487, 0.008535609244318487, 0.008535609244318496, 0.0085356092443185, 0.0085356092443185, 0.0085356092443185, 0.008535609244318494, 0.008535609244318489, 0.00853560924431849, 0.008535609244318492, 0.008535609244318494, 0.0085356092443185, 0.0085356092443185, 0.008535609244318494, 0.008535609244318492, 0.008535609244318494, 0.008535609244318497, 0.0085356092443185, 0.0085356092443185, 0.008535609244318497, 0.008535609244318496, 0.0085356092443185, 0.0085356092443185, 0.0085356092443185, 0.008535609244318497, 0.008535609244318499, 0.0085356092443185, 0.0085356092443185, 0.008535609244318499, 0.0085356092443185, 0.0085356092443185, 0.0085356092443185, 0.0085356092443185]}