{"global_mesh_x": 8, "global_mesh_y": 8, "sub_x0": 0.0, "sub_x1": 4.0, "sub_y0": 0.0, "sub_y1": 4.0, "sub_mesh_x": 4, "sub_mesh_y": 4, "L2_norm": 7.457891356577712e-17, "H1_norm": 8.293478119338986e-17, "Relative_L2_norm": 2.500405752995755e-16, "coords": [[0.0, 0.0, 0.0], [0.0, 1.0, 0.0], [1.0, 0.0, 0.0], [1.0, 1.0, 0.0], [0.0, 2.0, 0.0], [1.0, 2.0, 0.0], [2.0, 0.0, 0.0], [2.0, 1.0, 0.0], [0.0, 3.0, 0.0], [1.0, 3.0, 0.0], [2.0, 2.0, 0.0], [3.0, 0.0, 0.0], [3.0, 1.0, 0.0], [0.0, 4.0, 0.0], [1.0, 4.0, 0.0], [2.0, 3.0, 0.0], [3.0, 2.0, 0.0], [4.0, 0.0, 0.0], [4.0, 1.0, 0.0], [2.0, 4.0, 0.0], [3.0, 3.0, 0.0], [4.0, 2.0, 0.0], [3.0, 4.0, 0.0], [4.0, 3.0, 0.0], [4.0, 4.0, 0.0]], "u_values": [0.0745668112829524, 0.0745668112829524, 0.0745668112829524, 0.07456681128295238, 0.0745668112829524, 0.07456681128295237, 0.0745668112829524, 0.07456681128295237, 0.0745668112829524, 0.07456681128295237, 0.07456681128295235, 0.0745668112829524, 0.0745668112829524, 0.0745668112829524, 0.0745668112829524, 0.07456681128295237, 0.07456681128295238, 0.0745668112829524, 0.0745668112829524, 0.0745668112829524, 0.07456681128295238, 0.0745668112829524, 0.0745668112829524, 0.0745668112829524, 0.0745668112829524]}