{"global_mesh_x": 6, "global_mesh_y": 6, "sub_x0": 0.0, "sub_x1": 4.0, "sub_y0": 0.0, "sub_y1": 4.0, "sub_mesh_x": 8, "sub_mesh_y": 8, "L2_norm": 4.267355327282446e-16, "H1_norm": 5.660441954325787e-16, "Relative_L2_norm": 8.261016447804248e-16, "coords": [[0.0, 0.0, 0.0], [0.0, 0.5, 0.0], [0.5, 0.0, 0.0], [0.5, 0.5, 0.0], [0.0, 1.0, 0.0], [0.5, 1.0, 0.0], [1.0, 0.0, 0.0], [1.0, 0.5, 0.0], [0.0, 1.5, 0.0], [0.5, 1.5, 0.0], [1.0, 1.0, 0.0], [1.5, 0.0, 0.0], [1.5, 0.5, 0.0], [0.0, 2.0, 0.0], [0.5, 2.0, 0.0], [1.0, 1.5, 0.0], [1.5, 1.0, 0.0], [2.0, 0.0, 0.0], [2.0, 0.5, 0.0], [0.0, 2.5, 0.0], [0.5, 2.5, 0.0], [1.0, 2.0, 0.0], [1.5, 1.5, 0.0], [2.0, 1.0, 0.0], [2.5, 0.0, 0.0], [2.5, 0.5, 0.0], [0.0, 3.0, 0.0], [0.5, 3.0, 0.0], [1.0, 2.5, 0.0], [1.5, 2.0, 0.0], [2.0, 1.5, 0.0], [2.5, 1.0, 0.0], [3.0, 0.0, 0.0], [3.0, 0.5, 0.0], [0.0, 3.5, 0.0], [0.5, 3.5, 0.0], [1.0, 3.0, 0.0], [1.5, 2.5, 0.0], [2.0, 2.0, 0.0], [2.5, 1.5, 0.0], [3.0, 1.0, 0.0], [3.5, 0.0, 0.0], [3.5, 0.5, 0.0], [0.0, 4.0, 0.0], [0.5, 4.0, 0.0], [1.0, 3.5, 0.0], [1.5, 3.0, 0.0], [2.0, 2.5, 0.0], [2.5, 2.0, 0.0], [3.0, 1.5, 0.0], [3.5, 1.0, 0.0], [4.0, 0.0, 0.0], [4.0, 0.5, 0.0], [1.0, 4.0, 0.0], [1.5, 3.5, 0.0], [2.0, 3.0, 0.0], [2.5, 2.5, 0.0], [3.0, 2.0, 0.0], [3.5, 1.5, 0.0], [4.0, 1.0, 0.0], [1.5, 4.0, 0.0], [2.0, 3.5, 0.0], [2.5, 3.0, 0.0], [3.0, 2.5, 0.0], [3.5, 2.0, 0.0], [4.0, 1.5, 0.0], [2.0, 4.0, 0.0], [2.5, 3.5, 0.0], [3.0, 3.0, 0.0], [3.5, 2.5, 0.0], [4.0, 2.0, 0.0], [2.5, 4.0, 0.0], [3.0, 3.5, 0.0], [3.5, 3.0, 0.0], [4.0, 2.5, 0.0], [3.0, 4.0, 0.0], [3.5, 3.5, 0.0], [4.0, 3.0, 0.0], [3.5, 4.0, 0.0], [4.0, 3.5, 0.0], [4.0, 4.0, 0.0]], "u_values": [0.129141351861631, 0.129141351861631, 0.129141351861631, 0.12914135186163095, 0.129141351861631, 0.12914135186163092, 0.129141351861631, 0.12914135186163087, 0.129141351861631, 0.1291413518616309, 0.1291413518616308, 0.129141351861631, 0.1291413518616309, 0.129141351861631, 0.12914135186163092, 0.1291413518616308, 0.1291413518616308, 0.129141351861631, 0.1291413518616309, 0.129141351861631, 0.12914135186163095, 0.1291413518616308, 0.12914135186163078, 0.1291413518616308, 0.129141351861631, 0.12914135186163092, 0.129141351861631, 0.12914135186163098, 0.12914135186163087, 0.12914135186163078, 0.12914135186163075, 0.12914135186163087, 0.129141351861631, 0.12914135186163095, 0.129141351861631, 0.129141351861631, 0.1291413518616309, 0.1291413518616308, 0.12914135186163078, 0.12914135186163084, 0.12914135186163092, 0.129141351861631, 0.12914135186163095, 0.129141351861631, 0.129141351861631, 0.129141351861631, 0.12914135186163087, 0.1291413518616308, 0.12914135186163084, 0.1291413518616309, 0.12914135186163095, 0.129141351861631, 0.129141351861631, 0.129141351861631, 0.12914135186163092, 0.12914135186163087, 0.1291413518616309, 0.1291413518616309, 0.12914135186163092, 0.129141351861631, 0.129141351861631, 0.1291413518616309, 0.12914135186163087, 0.12914135186163092, 0.12914135186163095, 0.129141351861631, 0.129141351861631, 0.12914135186163092, 0.12914135186163095, 0.12914135186163098, 0.129141351861631, 0.129141351861631, 0.12914135186163098, 0.129141351861631, 0.129141351861631, 0.129141351861631, 0.12914135186163098, 0.129141351861631, 0.129141351861631, 0.129141351861631, 0.129141351861631]}