{"global_mesh_x": 12, "global_mesh_y": 12, "sub_x0": 0.0, "sub_x1": 4.0, "sub_y0": 0.0, "sub_y1": 4.0, "sub_mesh_x": 6, "sub_mesh_y": 6, "L2_norm": 4.144893304450847e-17, "H1_norm": 6.634506259670273e-17, "Relative_L2_norm": 3.069036171452329e-16, "coords": [[0.0, 0.0, 0.0], [0.0, 0.6666666666666666, 0.0], [0.6666666666666666, 0.0, 0.0], [0.6666666666666666, 0.6666666666666666, 0.0], [0.0, 1.3333333333333333, 0.0], [0.6666666666666666, 1.3333333333333333, 0.0], [1.3333333333333333, 0.0, 0.0], [1.3333333333333333, 0.6666666666666666, 0.0], [0.0, 2.0, 0.0], [0.6666666666666666, 2.0, 0.0], [1.3333333333333333, 1.3333333333333333, 0.0], [2.0, 0.0, 0.0], [2.0, 0.6666666666666666, 0.0], [0.0, 2.6666666666666665, 0.0], [0.6666666666666666, 2.6666666666666665, 0.0], [1.3333333333333333, 2.0, 0.0], [2.0, 1.3333333333333333, 0.0], [2.6666666666666665, 0.0, 0.0], [2.6666666666666665, 0.6666666666666666, 0.0], [0.0, 3.333333333333333, 0.0], [0.6666666666666666, 3.333333333333333, 0.0], [1.3333333333333333, 2.6666666666666665, 0.0], [2.0, 2.0, 0.0], [2.6666666666666665, 1.3333333333333333, 0.0], [3.333333333333333, 0.0, 0.0], [3.333333333333333, 0.6666666666666666, 0.0], [0.0, 4.0, 0.0], [0.6666666666666666, 4.0, 0.0], [1.3333333333333333, 3.333333333333333, 0.0], [2.0, 2.6666666666666665, 0.0], [2.6666666666666665, 2.0, 0.0], [3.333333333333333, 1.3333333333333333, 0.0], [4.0, 0.0, 0.0], [4.0, 0.6666666666666666, 0.0], [1.3333333333333333, 4.0, 0.0], [2.0, 3.333333333333333, 0.0], [2.6666666666666665, 2.6666666666666665, 0.0], [3.333333333333333, 2.0, 0.0], [4.0, 1.3333333333333333, 0.0], [2.0, 4.0, 0.0], [2.6666666666666665, 3.333333333333333, 0.0], [3.333333333333333, 2.6666666666666665, 0.0], [4.0, 2.0, 0.0], [2.6666666666666665, 4.0, 0.0], [3.333333333333333, 3.333333333333333, 0.0], [4.0, 2.6666666666666665, 0.0], [3.333333333333333, 4.0, 0.0], [4.0, 3.333333333333333, 0.0], [4.0, 4.0, 0.0]], "u_values": [0.033763802973438, 0.033763802973438, 0.033763802973438, 0.03376380297343799, 0.033763802973438, 0.033763802973437985, 0.033763802973438, 0.03376380297343798, 0.033763802973438, 0.033763802973438, 0.03376380297343798, 0.033763802973438, 0.03376380297343798, 0.033763802973438, 0.03376380297343799, 0.03376380297343799, 0.033763802973437985, 0.033763802973438, 0.03376380297343799, 0.033763802973438, 0.033763802973438, 0.03376380297343799, 0.03376380297343799, 0.03376380297343798, 0.033763802973438, 0.03376380297343799, 0.033763802973438, 0.033763802973438, 0.033763802973438006, 0.033763802973437985, 0.03376380297343799, 0.03376380297343799, 0.033763802973438, 0.033763802973438, 0.033763802973438, 0.033763802973437985, 0.033763802973437985, 0.03376380297343799, 0.033763802973438, 0.033763802973438, 0.033763802973438, 0.033763802973438006, 0.033763802973438, 0.033763802973438, 0.033763802973438006, 0.033763802973438, 0.033763802973438, 0.033763802973438, 0.033763802973438]}