{"global_mesh_x": 4, "global_mesh_y": 4, "sub_x0": 0.0, "sub_x1": 4.0, "sub_y0": 0.0, "sub_y1": 4.0, "sub_mesh_x": 4, "sub_mesh_y": 4, "L2_norm": 1.1153511028356907e-16, "H1_norm": 1.7227317104664663e-16, "Relative_L2_norm": 1.0345923431484741e-16, "coords": [[0.0, 0.0, 0.0], [0.0, 1.0, 0.0], [1.0, 0.0, 0.0], [1.0, 1.0, 0.0], [0.0, 2.0, 0.0], [1.0, 2.0, 0.0], [2.0, 0.0, 0.0], [2.0, 1.0, 0.0], [0.0, 3.0, 0.0], [1.0, 3.0, 0.0], [2.0, 2.0, 0.0], [3.0, 0.0, 0.0], [3.0, 1.0, 0.0], [0.0, 4.0, 0.0], [1.0, 4.0, 0.0], [2.0, 3.0, 0.0], [3.0, 2.0, 0.0], [4.0, 0.0, 0.0], [4.0, 1.0, 0.0], [2.0, 4.0, 0.0], [3.0, 3.0, 0.0], [4.0, 2.0, 0.0], [3.0, 4.0, 0.0], [4.0, 3.0, 0.0], [4.0, 4.0, 0.0]], "u_values": [0.2695146330392923, 0.2695146330392923, 0.2695146330392923, 0.2695146330392923, 0.2695146330392923, 0.26951463303929224, 0.2695146330392923, 0.2695146330392923, 0.2695146330392923, 0.26951463303929224, 0.26951463303929224, 0.2695146330392923, 0.2695146330392923, 0.2695146330392923, 0.2695146330392923, 0.26951463303929224, 0.26951463303929224, 0.2695146330392923, 0.2695146330392923, 0.2695146330392923, 0.2695146330392923, 0.2695146330392923, 0.2695146330392923, 0.2695146330392923, 0.2695146330392923]}