{"global_mesh_x": 8, "global_mesh_y": 8, "sub_x0": 0.0, "sub_x1": 4.0, "sub_y0": 0.0, "sub_y1": 4.0, "sub_mesh_x": 3, "sub_mesh_y": 3, "L2_norm": 4.7743202476790224e-17, "H1_norm": 5.255795451272487e-17, "Relative_L2_norm": 1.6006854006276042e-16, "coords": [[0.0, 0.0, 0.0], [0.0, 1.3333333333333333, 0.0], [1.3333333333333333, 0.0, 0.0], [1.3333333333333333, 1.3333333333333333, 0.0], [0.0, 2.6666666666666665, 0.0], [1.3333333333333333, 2.6666666666666665, 0.0], [2.6666666666666665, 0.0, 0.0], [2.6666666666666665, 1.3333333333333333, 0.0], [0.0, 4.0, 0.0], [1.3333333333333333, 4.0, 0.0], [2.6666666666666665, 2.6666666666666665, 0.0], [4.0, 0.0, 0.0], [4.0, 1.3333333333333333, 0.0], [2.6666666666666665, 4.0, 0.0], [4.0, 2.6666666666666665, 0.0], [4.0, 4.0, 0.0]], "u_values": [0.0745668112829524, 0.0745668112829524, 0.0745668112829524, 0.07456681128295237, 0.0745668112829524, 0.07456681128295238, 0.0745668112829524, 0.07456681128295238, 0.0745668112829524, 0.0745668112829524, 0.07456681128295238, 0.0745668112829524, 0.0745668112829524, 0.0745668112829524, 0.0745668112829524, 0.0745668112829524]}