{"global_mesh_x": 20, "global_mesh_y": 20, "sub_x0": 0.0, "sub_x1": 4.0, "sub_y0": 0.0, "sub_y1": 4.0, "sub_mesh_x": 8, "sub_mesh_y": 8, "L2_norm": 4.0533632863289806e-17, "H1_norm": 5.46214363976699e-17, "Relative_L2_norm": 8.257876586344851e-16, "coords": [[0.0, 0.0, 0.0], [0.0, 0.5, 0.0], [0.5, 0.0, 0.0], [0.5, 0.5, 0.0], [0.0, 1.0, 0.0], [0.5, 1.0, 0.0], [1.0, 0.0, 0.0], [1.0, 0.5, 0.0], [0.0, 1.5, 0.0], [0.5, 1.5, 0.0], [1.0, 1.0, 0.0], [1.5, 0.0, 0.0], [1.5, 0.5, 0.0], [0.0, 2.0, 0.0], [0.5, 2.0, 0.0], [1.0, 1.5, 0.0], [1.5, 1.0, 0.0], [2.0, 0.0, 0.0], [2.0, 0.5, 0.0], [0.0, 2.5, 0.0], [0.5, 2.5, 0.0], [1.0, 2.0, 0.0], [1.5, 1.5, 0.0], [2.0, 1.0, 0.0], [2.5, 0.0, 0.0], [2.5, 0.5, 0.0], [0.0, 3.0, 0.0], [0.5, 3.0, 0.0], [1.0, 2.5, 0.0], [1.5, 2.0, 0.0], [2.0, 1.5, 0.0], [2.5, 1.0, 0.0], [3.0, 0.0, 0.0], [3.0, 0.5, 0.0], [0.0, 3.5, 0.0], [0.5, 3.5, 0.0], [1.0, 3.0, 0.0], [1.5, 2.5, 0.0], [2.0, 2.0, 0.0], [2.5, 1.5, 0.0], [3.0, 1.0, 0.0], [3.5, 0.0, 0.0], [3.5, 0.5, 0.0], [0.0, 4.0, 0.0], [0.5, 4.0, 0.0], [1.0, 3.5, 0.0], [1.5, 3.0, 0.0], [2.0, 2.5, 0.0], [2.5, 2.0, 0.0], [3.0, 1.5, 0.0], [3.5, 1.0, 0.0], [4.0, 0.0, 0.0], [4.0, 0.5, 0.0], [1.0, 4.0, 0.0], [1.5, 3.5, 0.0], [2.0, 3.0, 0.0], [2.5, 2.5, 0.0], [3.0, 2.0, 0.0], [3.5, 1.5, 0.0], [4.0, 1.0, 0.0], [1.5, 4.0, 0.0], [2.0, 3.5, 0.0], [2.5, 3.0, 0.0], [3.0, 2.5, 0.0], [3.5, 2.0, 0.0], [4.0, 1.5, 0.0], [2.0, 4.0, 0.0], [2.5, 3.5, 0.0], [3.0, 3.0, 0.0], [3.5, 2.5, 0.0], [4.0, 2.0, 0.0], [2.5, 4.0, 0.0], [3.0, 3.5, 0.0], [3.5, 3.0, 0.0], [4.0, 2.5, 0.0], [3.0, 4.0, 0.0], [3.5, 3.5, 0.0], [4.0, 3.0, 0.0], [3.5, 4.0, 0.0], [4.0, 3.5, 0.0], [4.0, 4.0, 0.0]], "u_values": [0.0122712032686211, 0.0122712032686211, 0.0122712032686211, 0.012271203268621099, 0.0122712032686211, 0.012271203268621092, 0.0122712032686211, 0.012271203268621092, 0.0122712032686211, 0.01227120326862109, 0.012271203268621085, 0.0122712032686211, 0.01227120326862109, 0.0122712032686211, 0.012271203268621095, 0.012271203268621085, 0.012271203268621083, 0.0122712032686211, 0.012271203268621089, 0.0122712032686211, 0.012271203268621095, 0.012271203268621085, 0.012271203268621083, 0.01227120326862108, 0.0122712032686211, 0.01227120326862109, 0.0122712032686211, 0.012271203268621095, 0.012271203268621085, 0.012271203268621082, 0.012271203268621078, 0.012271203268621085, 0.0122712032686211, 0.01227120326862109, 0.0122712032686211, 0.0122712032686211, 0.012271203268621087, 0.012271203268621085, 0.01227120326862108, 0.012271203268621082, 0.01227120326862109, 0.0122712032686211, 0.012271203268621095, 0.0122712032686211, 0.0122712032686211, 0.012271203268621099, 0.012271203268621087, 0.012271203268621082, 0.012271203268621085, 0.012271203268621085, 0.012271203268621092, 0.0122712032686211, 0.0122712032686211, 0.0122712032686211, 0.012271203268621094, 0.012271203268621087, 0.012271203268621092, 0.012271203268621089, 0.01227120326862109, 0.0122712032686211, 0.0122712032686211, 0.012271203268621095, 0.012271203268621087, 0.012271203268621097, 0.012271203268621095, 0.0122712032686211, 0.0122712032686211, 0.012271203268621095, 0.012271203268621095, 0.0122712032686211, 0.0122712032686211, 0.0122712032686211, 0.012271203268621097, 0.012271203268621102, 0.0122712032686211, 0.0122712032686211, 0.012271203268621097, 0.0122712032686211, 0.0122712032686211, 0.0122712032686211, 0.0122712032686211]}