{
  "L2_error_test": 0.6356865167617798,
  "generalization_error_fem": 0.6356865167617798,
  "generalization_error_true": 0.7557700475056967,
  "lambda_taylor": 0.10000000000000002,
  "lambda_phys": 0.001,
  "lambda_reg": 1e-06
}