{
  "L2_error_test": 1.0240456660588582,
  "generalization_error_fem": 1.0240456660588582,
  "generalization_error_true": 1.0302221775054932,
  "lambda_taylor": 0.10000000000000002,
  "lambda_phys": 0.10000000000000002,
  "lambda_reg": 1e-06
}