{
  "L2_error_test": 1.1379233996073406,
  "generalization_error_fem": 1.1379233996073406,
  "generalization_error_true": 1.11396590868632,
  "lambda_taylor": 1.0,
  "lambda_phys": 0.10000000000000002,
  "lambda_reg": 1e-06
}