{
  "L2_error_test": 0.01952885960539182,
  "generalization_error_true": 0.01952885960539182
}