{
  "L2_error_test": 0.602141797542572,
  "generalization_error_true": 0.7416537801424662,
  "generalization_error_fem": 0.602141797542572
}