{
  "L2_error_test": 0.6021416385968527,
  "generalization_error_fem": 0.6021416385968527,
  "generalization_error_true": 0.7416542172431946
}