{
  "L2_error_test": 0.015121846770246824,
  "generalization_error_true": 0.015121846770246824
}