{
  "seed": 77,
  "L2_error_test": 0.014337990432977676,
  "generalization_error_true": 0.014337990432977676
}