{
  "seed": 7,
  "L2_error_test": 0.014672104269266129,
  "generalization_error_true": 0.014672104269266129
}